timestamp,git_commit,dataset_size,seed,engine,query_id,iteration,execution_ms
2026-08-28T08:51:09.985Z,a70ca0a00c8cd169a93b300cfcb450b5ecbde7f8,100000,42,postgres,Q01_total_events,1,3.7549
2026-08-28T08:51:09.985Z,a70ca0a00c8cd169a93b300cfcb450b5ecbde7f8,100000,42,postgres,Q01_total_events,2,4.0190
2026-08-28T08:51:09.985Z,a70ca0a00c8cd169a93b300cfcb450b5ecbde7f8,100000,42,postgres,Q01_total_events,3,4.1283
2026-08-28T08:51:09.985Z,a70ca0a00c8cd169a93b300cfcb450b5ecbde7f8,100000,42,postgres,Q01_total_events,4,4.1131
2026-08-28T08:51:09.985Z,a70ca0a00c8cd169a93b300cfcb450b5ecbde7f8,100000,42,postgres,Q01_total_events,5,3.9841
2026-08-28T08:51:09.985Z,a70ca0a00c8cd169a93b300cfcb450b5ecbde7f8,100000,42,postgres,Q01_total_events,6,3.9888
2026-08-28T08:51:09.985Z,a70ca0a00c8cd169a93b300cfcb450b5ecbde7f8,100000,42,postgres,Q01_total_events,7,4.0963
2026-08-28T08:51:09.985Z,a70ca0a00c8cd169a93b300cfcb450b5ecbde7f8,100000,42,postgres,Q01_total_events,8,3.8087
2026-08-28T08:51:09.985Z,a70ca0a00c8cd169a93b300cfcb450b5ecbde7f8,100000,42,postgres,Q01_total_events,9,3.8293
2026-08-28T08:51:09.985Z,a70ca0a00c8cd169a93b300cfcb450b5ecbde7f8,100000,42,postgres,Q01_total_events,10,3.9207
2026-08-28T08:51:09.985Z,a70ca0a00c8cd169a93b300cfcb450b5ecbde7f8,100000,42,postgres,Q01_total_events,11,3.9207
2026-08-28T08:51:09.985Z,a70ca0a00c8cd169a93b300cfcb450b5ecbde7f8,100000,42,postgres,Q01_total_events,12,3.8708
2026-08-28T08:51:09.985Z,a70ca0a00c8cd169a93b300cfcb450b5ecbde7f8,100000,42,postgres,Q01_total_events,13,4.0127
2026-08-28T08:51:09.985Z,a70ca0a00c8cd169a93b300cfcb450b5ecbde7f8,100000,42,postgres,Q01_total_events,14,4.2938
2026-08-28T08:51:09.985Z,a70ca0a00c8cd169a93b300cfcb450b5ecbde7f8,100000,42,postgres,Q01_total_events,15,3.6298
2026-08-28T08:51:09.985Z,a70ca0a00c8cd169a93b300cfcb450b5ecbde7f8,100000,42,postgres,Q01_total_events,16,3.7628
2026-08-28T08:51:09.985Z,a70ca0a00c8cd169a93b300cfcb450b5ecbde7f8,100000,42,postgres,Q01_total_events,17,3.9657
2026-08-28T08:51:09.985Z,a70ca0a00c8cd169a93b300cfcb450b5ecbde7f8,100000,42,postgres,Q01_total_events,18,3.9922
2026-08-28T08:51:09.985Z,a70ca0a00c8cd169a93b300cfcb450b5ecbde7f8,100000,42,postgres,Q01_total_events,19,3.6750
2026-08-28T08:51:09.985Z,a70ca0a00c8cd169a93b300cfcb450b5ecbde7f8,100000,42,postgres,Q01_total_events,20,4.1396
2026-08-28T08:51:09.985Z,a70ca0a00c8cd169a93b300cfcb450b5ecbde7f8,100000,42,postgres,Q01_total_events,21,3.9398
2026-08-28T08:51:09.985Z,a70ca0a00c8cd169a93b300cfcb450b5ecbde7f8,100000,42,postgres,Q01_total_events,22,4.4304
2026-08-28T08:51:09.985Z,a70ca0a00c8cd169a93b300cfcb450b5ecbde7f8,100000,42,postgres,Q01_total_events,23,3.7318
2026-08-28T08:51:09.985Z,a70ca0a00c8cd169a93b300cfcb450b5ecbde7f8,100000,42,postgres,Q01_total_events,24,4.3473
2026-08-28T08:51:09.985Z,a70ca0a00c8cd169a93b300cfcb450b5ecbde7f8,100000,42,postgres,Q01_total_events,25,4.1454
2026-08-28T08:51:09.985Z,a70ca0a00c8cd169a93b300cfcb450b5ecbde7f8,100000,42,postgres,Q01_total_events,26,3.9510
2026-08-28T08:51:09.985Z,a70ca0a00c8cd169a93b300cfcb450b5ecbde7f8,100000,42,postgres,Q01_total_events,27,4.0261
2026-08-28T08:51:09.985Z,a70ca0a00c8cd169a93b300cfcb450b5ecbde7f8,100000,42,postgres,Q01_total_events,28,4.3097
2026-08-28T08:51:09.985Z,a70ca0a00c8cd169a93b300cfcb450b5ecbde7f8,100000,42,postgres,Q01_total_events,29,3.6101
2026-08-28T08:51:09.985Z,a70ca0a00c8cd169a93b300cfcb450b5ecbde7f8,100000,42,postgres,Q01_total_events,30,4.0822
2026-08-28T08:51:09.985Z,a70ca0a00c8cd169a93b300cfcb450b5ecbde7f8,100000,42,duckdb,Q01_total_events,1,0.2301
2026-08-28T08:51:09.985Z,a70ca0a00c8cd169a93b300cfcb450b5ecbde7f8,100000,42,duckdb,Q01_total_events,2,0.1410
2026-08-28T08:51:09.985Z,a70ca0a00c8cd169a93b300cfcb450b5ecbde7f8,100000,42,duckdb,Q01_total_events,3,0.7338
2026-08-28T08:51:09.985Z,a70ca0a00c8cd169a93b300cfcb450b5ecbde7f8,100000,42,duckdb,Q01_total_events,4,0.3076
2026-08-28T08:51:09.985Z,a70ca0a00c8cd169a93b300cfcb450b5ecbde7f8,100000,42,duckdb,Q01_total_events,5,0.3086
2026-08-28T08:51:09.985Z,a70ca0a00c8cd169a93b300cfcb450b5ecbde7f8,100000,42,duckdb,Q01_total_events,6,0.2365
2026-08-28T08:51:09.985Z,a70ca0a00c8cd169a93b300cfcb450b5ecbde7f8,100000,42,duckdb,Q01_total_events,7,0.6529
2026-08-28T08:51:09.985Z,a70ca0a00c8cd169a93b300cfcb450b5ecbde7f8,100000,42,duckdb,Q01_total_events,8,0.3731
2026-08-28T08:51:09.985Z,a70ca0a00c8cd169a93b300cfcb450b5ecbde7f8,100000,42,duckdb,Q01_total_events,9,0.6231
2026-08-28T08:51:09.985Z,a70ca0a00c8cd169a93b300cfcb450b5ecbde7f8,100000,42,duckdb,Q01_total_events,10,0.4076
2026-08-28T08:51:09.985Z,a70ca0a00c8cd169a93b300cfcb450b5ecbde7f8,100000,42,duckdb,Q01_total_events,11,0.5524
2026-08-28T08:51:09.985Z,a70ca0a00c8cd169a93b300cfcb450b5ecbde7f8,100000,42,duckdb,Q01_total_events,12,0.3698
2026-08-28T08:51:09.985Z,a70ca0a00c8cd169a93b300cfcb450b5ecbde7f8,100000,42,duckdb,Q01_total_events,13,0.4465
2026-08-28T08:51:09.985Z,a70ca0a00c8cd169a93b300cfcb450b5ecbde7f8,100000,42,duckdb,Q01_total_events,14,0.2651
2026-08-28T08:51:09.985Z,a70ca0a00c8cd169a93b300cfcb450b5ecbde7f8,100000,42,duckdb,Q01_total_events,15,0.5595
2026-08-28T08:51:09.985Z,a70ca0a00c8cd169a93b300cfcb450b5ecbde7f8,100000,42,duckdb,Q01_total_events,16,0.3220
2026-08-28T08:51:09.985Z,a70ca0a00c8cd169a93b300cfcb450b5ecbde7f8,100000,42,duckdb,Q01_total_events,17,0.7423
2026-08-28T08:51:09.985Z,a70ca0a00c8cd169a93b300cfcb450b5ecbde7f8,100000,42,duckdb,Q01_total_events,18,0.4922
2026-08-28T08:51:09.985Z,a70ca0a00c8cd169a93b300cfcb450b5ecbde7f8,100000,42,duckdb,Q01_total_events,19,0.9808
2026-08-28T08:51:09.985Z,a70ca0a00c8cd169a93b300cfcb450b5ecbde7f8,100000,42,duckdb,Q01_total_events,20,0.8360
2026-08-28T08:51:09.985Z,a70ca0a00c8cd169a93b300cfcb450b5ecbde7f8,100000,42,duckdb,Q01_total_events,21,1.0646
2026-08-28T08:51:09.985Z,a70ca0a00c8cd169a93b300cfcb450b5ecbde7f8,100000,42,duckdb,Q01_total_events,22,0.8343
2026-08-28T08:51:09.985Z,a70ca0a00c8cd169a93b300cfcb450b5ecbde7f8,100000,42,duckdb,Q01_total_events,23,1.0233
2026-08-28T08:51:09.985Z,a70ca0a00c8cd169a93b300cfcb450b5ecbde7f8,100000,42,duckdb,Q01_total_events,24,0.6449
2026-08-28T08:51:09.985Z,a70ca0a00c8cd169a93b300cfcb450b5ecbde7f8,100000,42,duckdb,Q01_total_events,25,1.1441
2026-08-28T08:51:09.985Z,a70ca0a00c8cd169a93b300cfcb450b5ecbde7f8,100000,42,duckdb,Q01_total_events,26,0.6207
2026-08-28T08:51:09.985Z,a70ca0a00c8cd169a93b300cfcb450b5ecbde7f8,100000,42,duckdb,Q01_total_events,27,1.0525
2026-08-28T08:51:09.985Z,a70ca0a00c8cd169a93b300cfcb450b5ecbde7f8,100000,42,duckdb,Q01_total_events,28,0.6220
2026-08-28T08:51:09.985Z,a70ca0a00c8cd169a93b300cfcb450b5ecbde7f8,100000,42,duckdb,Q01_total_events,29,0.5779
2026-08-28T08:51:09.985Z,a70ca0a00c8cd169a93b300cfcb450b5ecbde7f8,100000,42,duckdb,Q01_total_events,30,0.7019
2026-08-28T08:51:09.985Z,a70ca0a00c8cd169a93b300cfcb450b5ecbde7f8,100000,42,postgres,Q02_unique_visitors,1,27.4641
2026-08-28T08:51:09.985Z,a70ca0a00c8cd169a93b300cfcb450b5ecbde7f8,100000,42,postgres,Q02_unique_visitors,2,27.6955
2026-08-28T08:51:09.985Z,a70ca0a00c8cd169a93b300cfcb450b5ecbde7f8,100000,42,postgres,Q02_unique_visitors,3,27.6441
2026-08-28T08:51:09.985Z,a70ca0a00c8cd169a93b300cfcb450b5ecbde7f8,100000,42,postgres,Q02_unique_visitors,4,28.4499
2026-08-28T08:51:09.985Z,a70ca0a00c8cd169a93b300cfcb450b5ecbde7f8,100000,42,postgres,Q02_unique_visitors,5,27.6466
2026-08-28T08:51:09.985Z,a70ca0a00c8cd169a93b300cfcb450b5ecbde7f8,100000,42,postgres,Q02_unique_visitors,6,27.6829
2026-08-28T08:51:09.985Z,a70ca0a00c8cd169a93b300cfcb450b5ecbde7f8,100000,42,postgres,Q02_unique_visitors,7,27.4182
2026-08-28T08:51:09.985Z,a70ca0a00c8cd169a93b300cfcb450b5ecbde7f8,100000,42,postgres,Q02_unique_visitors,8,28.1218
2026-08-28T08:51:09.985Z,a70ca0a00c8cd169a93b300cfcb450b5ecbde7f8,100000,42,postgres,Q02_unique_visitors,9,27.9917
2026-08-28T08:51:09.985Z,a70ca0a00c8cd169a93b300cfcb450b5ecbde7f8,100000,42,postgres,Q02_unique_visitors,10,27.4258
2026-08-28T08:51:09.985Z,a70ca0a00c8cd169a93b300cfcb450b5ecbde7f8,100000,42,postgres,Q02_unique_visitors,11,27.5781
2026-08-28T08:51:09.985Z,a70ca0a00c8cd169a93b300cfcb450b5ecbde7f8,100000,42,postgres,Q02_unique_visitors,12,28.7358
2026-08-28T08:51:09.985Z,a70ca0a00c8cd169a93b300cfcb450b5ecbde7f8,100000,42,postgres,Q02_unique_visitors,13,27.7626
2026-08-28T08:51:09.985Z,a70ca0a00c8cd169a93b300cfcb450b5ecbde7f8,100000,42,postgres,Q02_unique_visitors,14,27.6859
2026-08-28T08:51:09.985Z,a70ca0a00c8cd169a93b300cfcb450b5ecbde7f8,100000,42,postgres,Q02_unique_visitors,15,27.8173
2026-08-28T08:51:09.985Z,a70ca0a00c8cd169a93b300cfcb450b5ecbde7f8,100000,42,postgres,Q02_unique_visitors,16,28.5130
2026-08-28T08:51:09.985Z,a70ca0a00c8cd169a93b300cfcb450b5ecbde7f8,100000,42,postgres,Q02_unique_visitors,17,27.2523
2026-08-28T08:51:09.985Z,a70ca0a00c8cd169a93b300cfcb450b5ecbde7f8,100000,42,postgres,Q02_unique_visitors,18,27.8694
2026-08-28T08:51:09.985Z,a70ca0a00c8cd169a93b300cfcb450b5ecbde7f8,100000,42,postgres,Q02_unique_visitors,19,27.6552
2026-08-28T08:51:09.985Z,a70ca0a00c8cd169a93b300cfcb450b5ecbde7f8,100000,42,postgres,Q02_unique_visitors,20,28.7112
2026-08-28T08:51:09.985Z,a70ca0a00c8cd169a93b300cfcb450b5ecbde7f8,100000,42,postgres,Q02_unique_visitors,21,27.6531
2026-08-28T08:51:09.985Z,a70ca0a00c8cd169a93b300cfcb450b5ecbde7f8,100000,42,postgres,Q02_unique_visitors,22,27.6128
2026-08-28T08:51:09.985Z,a70ca0a00c8cd169a93b300cfcb450b5ecbde7f8,100000,42,postgres,Q02_unique_visitors,23,27.6266
2026-08-28T08:51:09.985Z,a70ca0a00c8cd169a93b300cfcb450b5ecbde7f8,100000,42,postgres,Q02_unique_visitors,24,35.4267
2026-08-28T08:51:09.985Z,a70ca0a00c8cd169a93b300cfcb450b5ecbde7f8,100000,42,postgres,Q02_unique_visitors,25,36.9079
2026-08-28T08:51:09.985Z,a70ca0a00c8cd169a93b300cfcb450b5ecbde7f8,100000,42,postgres,Q02_unique_visitors,26,29.4626
2026-08-28T08:51:09.985Z,a70ca0a00c8cd169a93b300cfcb450b5ecbde7f8,100000,42,postgres,Q02_unique_visitors,27,27.9307
2026-08-28T08:51:09.985Z,a70ca0a00c8cd169a93b300cfcb450b5ecbde7f8,100000,42,postgres,Q02_unique_visitors,28,29.2795
2026-08-28T08:51:09.985Z,a70ca0a00c8cd169a93b300cfcb450b5ecbde7f8,100000,42,postgres,Q02_unique_visitors,29,27.9584
2026-08-28T08:51:09.985Z,a70ca0a00c8cd169a93b300cfcb450b5ecbde7f8,100000,42,postgres,Q02_unique_visitors,30,28.4266
2026-08-28T08:51:09.985Z,a70ca0a00c8cd169a93b300cfcb450b5ecbde7f8,100000,42,duckdb,Q02_unique_visitors,1,3.7447
2026-08-28T08:51:09.985Z,a70ca0a00c8cd169a93b300cfcb450b5ecbde7f8,100000,42,duckdb,Q02_unique_visitors,2,2.5351
2026-08-28T08:51:09.985Z,a70ca0a00c8cd169a93b300cfcb450b5ecbde7f8,100000,42,duckdb,Q02_unique_visitors,3,2.8268
2026-08-28T08:51:09.985Z,a70ca0a00c8cd169a93b300cfcb450b5ecbde7f8,100000,42,duckdb,Q02_unique_visitors,4,2.3902
2026-08-28T08:51:09.985Z,a70ca0a00c8cd169a93b300cfcb450b5ecbde7f8,100000,42,duckdb,Q02_unique_visitors,5,3.7046
2026-08-28T08:51:09.985Z,a70ca0a00c8cd169a93b300cfcb450b5ecbde7f8,100000,42,duckdb,Q02_unique_visitors,6,2.2724
2026-08-28T08:51:09.985Z,a70ca0a00c8cd169a93b300cfcb450b5ecbde7f8,100000,42,duckdb,Q02_unique_visitors,7,2.9112
2026-08-28T08:51:09.985Z,a70ca0a00c8cd169a93b300cfcb450b5ecbde7f8,100000,42,duckdb,Q02_unique_visitors,8,2.2557
2026-08-28T08:51:09.985Z,a70ca0a00c8cd169a93b300cfcb450b5ecbde7f8,100000,42,duckdb,Q02_unique_visitors,9,3.9100
2026-08-28T08:51:09.985Z,a70ca0a00c8cd169a93b300cfcb450b5ecbde7f8,100000,42,duckdb,Q02_unique_visitors,10,2.2093
2026-08-28T08:51:09.985Z,a70ca0a00c8cd169a93b300cfcb450b5ecbde7f8,100000,42,duckdb,Q02_unique_visitors,11,4.6407
2026-08-28T08:51:09.985Z,a70ca0a00c8cd169a93b300cfcb450b5ecbde7f8,100000,42,duckdb,Q02_unique_visitors,12,2.1574
2026-08-28T08:51:09.985Z,a70ca0a00c8cd169a93b300cfcb450b5ecbde7f8,100000,42,duckdb,Q02_unique_visitors,13,3.9762
2026-08-28T08:51:09.985Z,a70ca0a00c8cd169a93b300cfcb450b5ecbde7f8,100000,42,duckdb,Q02_unique_visitors,14,1.9779
2026-08-28T08:51:09.985Z,a70ca0a00c8cd169a93b300cfcb450b5ecbde7f8,100000,42,duckdb,Q02_unique_visitors,15,4.4289
2026-08-28T08:51:09.985Z,a70ca0a00c8cd169a93b300cfcb450b5ecbde7f8,100000,42,duckdb,Q02_unique_visitors,16,2.7588
2026-08-28T08:51:09.985Z,a70ca0a00c8cd169a93b300cfcb450b5ecbde7f8,100000,42,duckdb,Q02_unique_visitors,17,3.8977
2026-08-28T08:51:09.985Z,a70ca0a00c8cd169a93b300cfcb450b5ecbde7f8,100000,42,duckdb,Q02_unique_visitors,18,2.5070
2026-08-28T08:51:09.985Z,a70ca0a00c8cd169a93b300cfcb450b5ecbde7f8,100000,42,duckdb,Q02_unique_visitors,19,3.9881
2026-08-28T08:51:09.985Z,a70ca0a00c8cd169a93b300cfcb450b5ecbde7f8,100000,42,duckdb,Q02_unique_visitors,20,2.3389
2026-08-28T08:51:09.985Z,a70ca0a00c8cd169a93b300cfcb450b5ecbde7f8,100000,42,duckdb,Q02_unique_visitors,21,3.4722
2026-08-28T08:51:09.985Z,a70ca0a00c8cd169a93b300cfcb450b5ecbde7f8,100000,42,duckdb,Q02_unique_visitors,22,2.9378
2026-08-28T08:51:09.985Z,a70ca0a00c8cd169a93b300cfcb450b5ecbde7f8,100000,42,duckdb,Q02_unique_visitors,23,3.1075
2026-08-28T08:51:09.985Z,a70ca0a00c8cd169a93b300cfcb450b5ecbde7f8,100000,42,duckdb,Q02_unique_visitors,24,2.9738
2026-08-28T08:51:09.985Z,a70ca0a00c8cd169a93b300cfcb450b5ecbde7f8,100000,42,duckdb,Q02_unique_visitors,25,1.2485
2026-08-28T08:51:09.985Z,a70ca0a00c8cd169a93b300cfcb450b5ecbde7f8,100000,42,duckdb,Q02_unique_visitors,26,0.8121
2026-08-28T08:51:09.985Z,a70ca0a00c8cd169a93b300cfcb450b5ecbde7f8,100000,42,duckdb,Q02_unique_visitors,27,3.2638
2026-08-28T08:51:09.985Z,a70ca0a00c8cd169a93b300cfcb450b5ecbde7f8,100000,42,duckdb,Q02_unique_visitors,28,1.7567
2026-08-28T08:51:09.985Z,a70ca0a00c8cd169a93b300cfcb450b5ecbde7f8,100000,42,duckdb,Q02_unique_visitors,29,3.0777
2026-08-28T08:51:09.985Z,a70ca0a00c8cd169a93b300cfcb450b5ecbde7f8,100000,42,duckdb,Q02_unique_visitors,30,2.7626
2026-08-28T08:51:09.985Z,a70ca0a00c8cd169a93b300cfcb450b5ecbde7f8,100000,42,postgres,Q03_sessions,1,27.4648
2026-08-28T08:51:09.985Z,a70ca0a00c8cd169a93b300cfcb450b5ecbde7f8,100000,42,postgres,Q03_sessions,2,27.3550
2026-08-28T08:51:09.985Z,a70ca0a00c8cd169a93b300cfcb450b5ecbde7f8,100000,42,postgres,Q03_sessions,3,27.8102
2026-08-28T08:51:09.985Z,a70ca0a00c8cd169a93b300cfcb450b5ecbde7f8,100000,42,postgres,Q03_sessions,4,27.3735
2026-08-28T08:51:09.985Z,a70ca0a00c8cd169a93b300cfcb450b5ecbde7f8,100000,42,postgres,Q03_sessions,5,27.5632
2026-08-28T08:51:09.985Z,a70ca0a00c8cd169a93b300cfcb450b5ecbde7f8,100000,42,postgres,Q03_sessions,6,28.1080
2026-08-28T08:51:09.985Z,a70ca0a00c8cd169a93b300cfcb450b5ecbde7f8,100000,42,postgres,Q03_sessions,7,27.5679
2026-08-28T08:51:09.985Z,a70ca0a00c8cd169a93b300cfcb450b5ecbde7f8,100000,42,postgres,Q03_sessions,8,27.6313
2026-08-28T08:51:09.985Z,a70ca0a00c8cd169a93b300cfcb450b5ecbde7f8,100000,42,postgres,Q03_sessions,9,27.6264
2026-08-28T08:51:09.985Z,a70ca0a00c8cd169a93b300cfcb450b5ecbde7f8,100000,42,postgres,Q03_sessions,10,27.6766
2026-08-28T08:51:09.985Z,a70ca0a00c8cd169a93b300cfcb450b5ecbde7f8,100000,42,postgres,Q03_sessions,11,27.3299
2026-08-28T08:51:09.985Z,a70ca0a00c8cd169a93b300cfcb450b5ecbde7f8,100000,42,postgres,Q03_sessions,12,27.6793
2026-08-28T08:51:09.985Z,a70ca0a00c8cd169a93b300cfcb450b5ecbde7f8,100000,42,postgres,Q03_sessions,13,27.2804
2026-08-28T08:51:09.985Z,a70ca0a00c8cd169a93b300cfcb450b5ecbde7f8,100000,42,postgres,Q03_sessions,14,28.1814
2026-08-28T08:51:09.985Z,a70ca0a00c8cd169a93b300cfcb450b5ecbde7f8,100000,42,postgres,Q03_sessions,15,27.1923
2026-08-28T08:51:09.985Z,a70ca0a00c8cd169a93b300cfcb450b5ecbde7f8,100000,42,postgres,Q03_sessions,16,27.3125
2026-08-28T08:51:09.985Z,a70ca0a00c8cd169a93b300cfcb450b5ecbde7f8,100000,42,postgres,Q03_sessions,17,27.6579
2026-08-28T08:51:09.985Z,a70ca0a00c8cd169a93b300cfcb450b5ecbde7f8,100000,42,postgres,Q03_sessions,18,27.7435
2026-08-28T08:51:09.985Z,a70ca0a00c8cd169a93b300cfcb450b5ecbde7f8,100000,42,postgres,Q03_sessions,19,27.7444
2026-08-28T08:51:09.985Z,a70ca0a00c8cd169a93b300cfcb450b5ecbde7f8,100000,42,postgres,Q03_sessions,20,31.6604
2026-08-28T08:51:09.985Z,a70ca0a00c8cd169a93b300cfcb450b5ecbde7f8,100000,42,postgres,Q03_sessions,21,28.3851
2026-08-28T08:51:09.985Z,a70ca0a00c8cd169a93b300cfcb450b5ecbde7f8,100000,42,postgres,Q03_sessions,22,27.8595
2026-08-28T08:51:09.985Z,a70ca0a00c8cd169a93b300cfcb450b5ecbde7f8,100000,42,postgres,Q03_sessions,23,27.7039
2026-08-28T08:51:09.985Z,a70ca0a00c8cd169a93b300cfcb450b5ecbde7f8,100000,42,postgres,Q03_sessions,24,27.3729
2026-08-28T08:51:09.985Z,a70ca0a00c8cd169a93b300cfcb450b5ecbde7f8,100000,42,postgres,Q03_sessions,25,28.3232
2026-08-28T08:51:09.985Z,a70ca0a00c8cd169a93b300cfcb450b5ecbde7f8,100000,42,postgres,Q03_sessions,26,28.2251
2026-08-28T08:51:09.985Z,a70ca0a00c8cd169a93b300cfcb450b5ecbde7f8,100000,42,postgres,Q03_sessions,27,27.0444
2026-08-28T08:51:09.985Z,a70ca0a00c8cd169a93b300cfcb450b5ecbde7f8,100000,42,postgres,Q03_sessions,28,27.7100
2026-08-28T08:51:09.985Z,a70ca0a00c8cd169a93b300cfcb450b5ecbde7f8,100000,42,postgres,Q03_sessions,29,27.3265
2026-08-28T08:51:09.985Z,a70ca0a00c8cd169a93b300cfcb450b5ecbde7f8,100000,42,postgres,Q03_sessions,30,27.4043
2026-08-28T08:51:09.985Z,a70ca0a00c8cd169a93b300cfcb450b5ecbde7f8,100000,42,duckdb,Q03_sessions,1,9.4099
2026-08-28T08:51:09.985Z,a70ca0a00c8cd169a93b300cfcb450b5ecbde7f8,100000,42,duckdb,Q03_sessions,2,7.4179
2026-08-28T08:51:09.985Z,a70ca0a00c8cd169a93b300cfcb450b5ecbde7f8,100000,42,duckdb,Q03_sessions,3,8.9238
2026-08-28T08:51:09.985Z,a70ca0a00c8cd169a93b300cfcb450b5ecbde7f8,100000,42,duckdb,Q03_sessions,4,7.1431
2026-08-28T08:51:09.985Z,a70ca0a00c8cd169a93b300cfcb450b5ecbde7f8,100000,42,duckdb,Q03_sessions,5,8.6178
2026-08-28T08:51:09.985Z,a70ca0a00c8cd169a93b300cfcb450b5ecbde7f8,100000,42,duckdb,Q03_sessions,6,7.8528
2026-08-28T08:51:09.985Z,a70ca0a00c8cd169a93b300cfcb450b5ecbde7f8,100000,42,duckdb,Q03_sessions,7,8.5549
2026-08-28T08:51:09.985Z,a70ca0a00c8cd169a93b300cfcb450b5ecbde7f8,100000,42,duckdb,Q03_sessions,8,7.1549
2026-08-28T08:51:09.985Z,a70ca0a00c8cd169a93b300cfcb450b5ecbde7f8,100000,42,duckdb,Q03_sessions,9,9.4615
2026-08-28T08:51:09.985Z,a70ca0a00c8cd169a93b300cfcb450b5ecbde7f8,100000,42,duckdb,Q03_sessions,10,6.6388
2026-08-28T08:51:09.985Z,a70ca0a00c8cd169a93b300cfcb450b5ecbde7f8,100000,42,duckdb,Q03_sessions,11,7.9455
2026-08-28T08:51:09.985Z,a70ca0a00c8cd169a93b300cfcb450b5ecbde7f8,100000,42,duckdb,Q03_sessions,12,7.3186
2026-08-28T08:51:09.985Z,a70ca0a00c8cd169a93b300cfcb450b5ecbde7f8,100000,42,duckdb,Q03_sessions,13,8.6365
2026-08-28T08:51:09.985Z,a70ca0a00c8cd169a93b300cfcb450b5ecbde7f8,100000,42,duckdb,Q03_sessions,14,7.4038
2026-08-28T08:51:09.985Z,a70ca0a00c8cd169a93b300cfcb450b5ecbde7f8,100000,42,duckdb,Q03_sessions,15,7.9617
2026-08-28T08:51:09.985Z,a70ca0a00c8cd169a93b300cfcb450b5ecbde7f8,100000,42,duckdb,Q03_sessions,16,7.0131
2026-08-28T08:51:09.985Z,a70ca0a00c8cd169a93b300cfcb450b5ecbde7f8,100000,42,duckdb,Q03_sessions,17,9.2259
2026-08-28T08:51:09.985Z,a70ca0a00c8cd169a93b300cfcb450b5ecbde7f8,100000,42,duckdb,Q03_sessions,18,6.4542
2026-08-28T08:51:09.985Z,a70ca0a00c8cd169a93b300cfcb450b5ecbde7f8,100000,42,duckdb,Q03_sessions,19,7.2406
2026-08-28T08:51:09.985Z,a70ca0a00c8cd169a93b300cfcb450b5ecbde7f8,100000,42,duckdb,Q03_sessions,20,6.9146
2026-08-28T08:51:09.985Z,a70ca0a00c8cd169a93b300cfcb450b5ecbde7f8,100000,42,duckdb,Q03_sessions,21,9.8770
2026-08-28T08:51:09.985Z,a70ca0a00c8cd169a93b300cfcb450b5ecbde7f8,100000,42,duckdb,Q03_sessions,22,7.9017
2026-08-28T08:51:09.985Z,a70ca0a00c8cd169a93b300cfcb450b5ecbde7f8,100000,42,duckdb,Q03_sessions,23,9.5353
2026-08-28T08:51:09.985Z,a70ca0a00c8cd169a93b300cfcb450b5ecbde7f8,100000,42,duckdb,Q03_sessions,24,6.7741
2026-08-28T08:51:09.985Z,a70ca0a00c8cd169a93b300cfcb450b5ecbde7f8,100000,42,duckdb,Q03_sessions,25,9.3228
2026-08-28T08:51:09.985Z,a70ca0a00c8cd169a93b300cfcb450b5ecbde7f8,100000,42,duckdb,Q03_sessions,26,7.9183
2026-08-28T08:51:09.985Z,a70ca0a00c8cd169a93b300cfcb450b5ecbde7f8,100000,42,duckdb,Q03_sessions,27,9.7318
2026-08-28T08:51:09.985Z,a70ca0a00c8cd169a93b300cfcb450b5ecbde7f8,100000,42,duckdb,Q03_sessions,28,7.0137
2026-08-28T08:51:09.985Z,a70ca0a00c8cd169a93b300cfcb450b5ecbde7f8,100000,42,duckdb,Q03_sessions,29,8.4091
2026-08-28T08:51:09.985Z,a70ca0a00c8cd169a93b300cfcb450b5ecbde7f8,100000,42,duckdb,Q03_sessions,30,7.0645
2026-08-28T08:51:09.985Z,a70ca0a00c8cd169a93b300cfcb450b5ecbde7f8,100000,42,postgres,Q04_daily_events,1,12.5511
2026-08-28T08:51:09.985Z,a70ca0a00c8cd169a93b300cfcb450b5ecbde7f8,100000,42,postgres,Q04_daily_events,2,12.2165
2026-08-28T08:51:09.985Z,a70ca0a00c8cd169a93b300cfcb450b5ecbde7f8,100000,42,postgres,Q04_daily_events,3,12.5709
2026-08-28T08:51:09.985Z,a70ca0a00c8cd169a93b300cfcb450b5ecbde7f8,100000,42,postgres,Q04_daily_events,4,12.4437
2026-08-28T08:51:09.985Z,a70ca0a00c8cd169a93b300cfcb450b5ecbde7f8,100000,42,postgres,Q04_daily_events,5,12.3349
2026-08-28T08:51:09.985Z,a70ca0a00c8cd169a93b300cfcb450b5ecbde7f8,100000,42,postgres,Q04_daily_events,6,12.5184
2026-08-28T08:51:09.985Z,a70ca0a00c8cd169a93b300cfcb450b5ecbde7f8,100000,42,postgres,Q04_daily_events,7,12.0434
2026-08-28T08:51:09.985Z,a70ca0a00c8cd169a93b300cfcb450b5ecbde7f8,100000,42,postgres,Q04_daily_events,8,11.9908
2026-08-28T08:51:09.985Z,a70ca0a00c8cd169a93b300cfcb450b5ecbde7f8,100000,42,postgres,Q04_daily_events,9,12.0159
2026-08-28T08:51:09.985Z,a70ca0a00c8cd169a93b300cfcb450b5ecbde7f8,100000,42,postgres,Q04_daily_events,10,12.1660
2026-08-28T08:51:09.985Z,a70ca0a00c8cd169a93b300cfcb450b5ecbde7f8,100000,42,postgres,Q04_daily_events,11,12.0139
2026-08-28T08:51:09.985Z,a70ca0a00c8cd169a93b300cfcb450b5ecbde7f8,100000,42,postgres,Q04_daily_events,12,12.0148
2026-08-28T08:51:09.985Z,a70ca0a00c8cd169a93b300cfcb450b5ecbde7f8,100000,42,postgres,Q04_daily_events,13,11.7981
2026-08-28T08:51:09.985Z,a70ca0a00c8cd169a93b300cfcb450b5ecbde7f8,100000,42,postgres,Q04_daily_events,14,11.8787
2026-08-28T08:51:09.985Z,a70ca0a00c8cd169a93b300cfcb450b5ecbde7f8,100000,42,postgres,Q04_daily_events,15,12.2491
2026-08-28T08:51:09.985Z,a70ca0a00c8cd169a93b300cfcb450b5ecbde7f8,100000,42,postgres,Q04_daily_events,16,12.1995
2026-08-28T08:51:09.985Z,a70ca0a00c8cd169a93b300cfcb450b5ecbde7f8,100000,42,postgres,Q04_daily_events,17,12.6515
2026-08-28T08:51:09.985Z,a70ca0a00c8cd169a93b300cfcb450b5ecbde7f8,100000,42,postgres,Q04_daily_events,18,11.9871
2026-08-28T08:51:09.985Z,a70ca0a00c8cd169a93b300cfcb450b5ecbde7f8,100000,42,postgres,Q04_daily_events,19,11.9713
2026-08-28T08:51:09.985Z,a70ca0a00c8cd169a93b300cfcb450b5ecbde7f8,100000,42,postgres,Q04_daily_events,20,12.0059
2026-08-28T08:51:09.985Z,a70ca0a00c8cd169a93b300cfcb450b5ecbde7f8,100000,42,postgres,Q04_daily_events,21,11.7267
2026-08-28T08:51:09.985Z,a70ca0a00c8cd169a93b300cfcb450b5ecbde7f8,100000,42,postgres,Q04_daily_events,22,12.1293
2026-08-28T08:51:09.985Z,a70ca0a00c8cd169a93b300cfcb450b5ecbde7f8,100000,42,postgres,Q04_daily_events,23,11.4032
2026-08-28T08:51:09.985Z,a70ca0a00c8cd169a93b300cfcb450b5ecbde7f8,100000,42,postgres,Q04_daily_events,24,12.0701
2026-08-28T08:51:09.985Z,a70ca0a00c8cd169a93b300cfcb450b5ecbde7f8,100000,42,postgres,Q04_daily_events,25,11.9659
2026-08-28T08:51:09.985Z,a70ca0a00c8cd169a93b300cfcb450b5ecbde7f8,100000,42,postgres,Q04_daily_events,26,11.9849
2026-08-28T08:51:09.985Z,a70ca0a00c8cd169a93b300cfcb450b5ecbde7f8,100000,42,postgres,Q04_daily_events,27,12.0271
2026-08-28T08:51:09.985Z,a70ca0a00c8cd169a93b300cfcb450b5ecbde7f8,100000,42,postgres,Q04_daily_events,28,12.1135
2026-08-28T08:51:09.985Z,a70ca0a00c8cd169a93b300cfcb450b5ecbde7f8,100000,42,postgres,Q04_daily_events,29,11.7659
2026-08-28T08:51:09.985Z,a70ca0a00c8cd169a93b300cfcb450b5ecbde7f8,100000,42,postgres,Q04_daily_events,30,11.9783
2026-08-28T08:51:09.985Z,a70ca0a00c8cd169a93b300cfcb450b5ecbde7f8,100000,42,duckdb,Q04_daily_events,1,3.9326
2026-08-28T08:51:09.985Z,a70ca0a00c8cd169a93b300cfcb450b5ecbde7f8,100000,42,duckdb,Q04_daily_events,2,2.5721
2026-08-28T08:51:09.985Z,a70ca0a00c8cd169a93b300cfcb450b5ecbde7f8,100000,42,duckdb,Q04_daily_events,3,3.1475
2026-08-28T08:51:09.985Z,a70ca0a00c8cd169a93b300cfcb450b5ecbde7f8,100000,42,duckdb,Q04_daily_events,4,3.1668
2026-08-28T08:51:09.985Z,a70ca0a00c8cd169a93b300cfcb450b5ecbde7f8,100000,42,duckdb,Q04_daily_events,5,4.1219
2026-08-28T08:51:09.985Z,a70ca0a00c8cd169a93b300cfcb450b5ecbde7f8,100000,42,duckdb,Q04_daily_events,6,2.9561
2026-08-28T08:51:09.985Z,a70ca0a00c8cd169a93b300cfcb450b5ecbde7f8,100000,42,duckdb,Q04_daily_events,7,3.4763
2026-08-28T08:51:09.985Z,a70ca0a00c8cd169a93b300cfcb450b5ecbde7f8,100000,42,duckdb,Q04_daily_events,8,2.6122
2026-08-28T08:51:09.985Z,a70ca0a00c8cd169a93b300cfcb450b5ecbde7f8,100000,42,duckdb,Q04_daily_events,9,3.5186
2026-08-28T08:51:09.985Z,a70ca0a00c8cd169a93b300cfcb450b5ecbde7f8,100000,42,duckdb,Q04_daily_events,10,2.3470
2026-08-28T08:51:09.985Z,a70ca0a00c8cd169a93b300cfcb450b5ecbde7f8,100000,42,duckdb,Q04_daily_events,11,2.7038
2026-08-28T08:51:09.985Z,a70ca0a00c8cd169a93b300cfcb450b5ecbde7f8,100000,42,duckdb,Q04_daily_events,12,2.5908
2026-08-28T08:51:09.985Z,a70ca0a00c8cd169a93b300cfcb450b5ecbde7f8,100000,42,duckdb,Q04_daily_events,13,4.6515
2026-08-28T08:51:09.985Z,a70ca0a00c8cd169a93b300cfcb450b5ecbde7f8,100000,42,duckdb,Q04_daily_events,14,2.6472
2026-08-28T08:51:09.985Z,a70ca0a00c8cd169a93b300cfcb450b5ecbde7f8,100000,42,duckdb,Q04_daily_events,15,3.8143
2026-08-28T08:51:09.985Z,a70ca0a00c8cd169a93b300cfcb450b5ecbde7f8,100000,42,duckdb,Q04_daily_events,16,2.8468
2026-08-28T08:51:09.985Z,a70ca0a00c8cd169a93b300cfcb450b5ecbde7f8,100000,42,duckdb,Q04_daily_events,17,4.0790
2026-08-28T08:51:09.985Z,a70ca0a00c8cd169a93b300cfcb450b5ecbde7f8,100000,42,duckdb,Q04_daily_events,18,2.4097
2026-08-28T08:51:09.985Z,a70ca0a00c8cd169a93b300cfcb450b5ecbde7f8,100000,42,duckdb,Q04_daily_events,19,4.1709
2026-08-28T08:51:09.985Z,a70ca0a00c8cd169a93b300cfcb450b5ecbde7f8,100000,42,duckdb,Q04_daily_events,20,3.0000
2026-08-28T08:51:09.985Z,a70ca0a00c8cd169a93b300cfcb450b5ecbde7f8,100000,42,duckdb,Q04_daily_events,21,2.9452
2026-08-28T08:51:09.985Z,a70ca0a00c8cd169a93b300cfcb450b5ecbde7f8,100000,42,duckdb,Q04_daily_events,22,2.1148
2026-08-28T08:51:09.985Z,a70ca0a00c8cd169a93b300cfcb450b5ecbde7f8,100000,42,duckdb,Q04_daily_events,23,3.8158
2026-08-28T08:51:09.985Z,a70ca0a00c8cd169a93b300cfcb450b5ecbde7f8,100000,42,duckdb,Q04_daily_events,24,2.7725
2026-08-28T08:51:09.985Z,a70ca0a00c8cd169a93b300cfcb450b5ecbde7f8,100000,42,duckdb,Q04_daily_events,25,3.3243
2026-08-28T08:51:09.985Z,a70ca0a00c8cd169a93b300cfcb450b5ecbde7f8,100000,42,duckdb,Q04_daily_events,26,3.1469
2026-08-28T08:51:09.985Z,a70ca0a00c8cd169a93b300cfcb450b5ecbde7f8,100000,42,duckdb,Q04_daily_events,27,3.8654
2026-08-28T08:51:09.985Z,a70ca0a00c8cd169a93b300cfcb450b5ecbde7f8,100000,42,duckdb,Q04_daily_events,28,2.9527
2026-08-28T08:51:09.985Z,a70ca0a00c8cd169a93b300cfcb450b5ecbde7f8,100000,42,duckdb,Q04_daily_events,29,2.6933
2026-08-28T08:51:09.985Z,a70ca0a00c8cd169a93b300cfcb450b5ecbde7f8,100000,42,duckdb,Q04_daily_events,30,2.1747
2026-08-28T08:51:09.985Z,a70ca0a00c8cd169a93b300cfcb450b5ecbde7f8,100000,42,postgres,Q05_daily_unique_visitors,1,19.7543
2026-08-28T08:51:09.985Z,a70ca0a00c8cd169a93b300cfcb450b5ecbde7f8,100000,42,postgres,Q05_daily_unique_visitors,2,19.9203
2026-08-28T08:51:09.985Z,a70ca0a00c8cd169a93b300cfcb450b5ecbde7f8,100000,42,postgres,Q05_daily_unique_visitors,3,20.2637
2026-08-28T08:51:09.985Z,a70ca0a00c8cd169a93b300cfcb450b5ecbde7f8,100000,42,postgres,Q05_daily_unique_visitors,4,20.1417
2026-08-28T08:51:09.985Z,a70ca0a00c8cd169a93b300cfcb450b5ecbde7f8,100000,42,postgres,Q05_daily_unique_visitors,5,19.6463
2026-08-28T08:51:09.985Z,a70ca0a00c8cd169a93b300cfcb450b5ecbde7f8,100000,42,postgres,Q05_daily_unique_visitors,6,19.8429
2026-08-28T08:51:09.985Z,a70ca0a00c8cd169a93b300cfcb450b5ecbde7f8,100000,42,postgres,Q05_daily_unique_visitors,7,19.5650
2026-08-28T08:51:09.985Z,a70ca0a00c8cd169a93b300cfcb450b5ecbde7f8,100000,42,postgres,Q05_daily_unique_visitors,8,20.7005
2026-08-28T08:51:09.985Z,a70ca0a00c8cd169a93b300cfcb450b5ecbde7f8,100000,42,postgres,Q05_daily_unique_visitors,9,19.6093
2026-08-28T08:51:09.985Z,a70ca0a00c8cd169a93b300cfcb450b5ecbde7f8,100000,42,postgres,Q05_daily_unique_visitors,10,20.1649
2026-08-28T08:51:09.985Z,a70ca0a00c8cd169a93b300cfcb450b5ecbde7f8,100000,42,postgres,Q05_daily_unique_visitors,11,19.9875
2026-08-28T08:51:09.985Z,a70ca0a00c8cd169a93b300cfcb450b5ecbde7f8,100000,42,postgres,Q05_daily_unique_visitors,12,20.4920
2026-08-28T08:51:09.985Z,a70ca0a00c8cd169a93b300cfcb450b5ecbde7f8,100000,42,postgres,Q05_daily_unique_visitors,13,20.0364
2026-08-28T08:51:09.985Z,a70ca0a00c8cd169a93b300cfcb450b5ecbde7f8,100000,42,postgres,Q05_daily_unique_visitors,14,19.7113
2026-08-28T08:51:09.985Z,a70ca0a00c8cd169a93b300cfcb450b5ecbde7f8,100000,42,postgres,Q05_daily_unique_visitors,15,19.5482
2026-08-28T08:51:09.985Z,a70ca0a00c8cd169a93b300cfcb450b5ecbde7f8,100000,42,postgres,Q05_daily_unique_visitors,16,20.1925
2026-08-28T08:51:09.985Z,a70ca0a00c8cd169a93b300cfcb450b5ecbde7f8,100000,42,postgres,Q05_daily_unique_visitors,17,19.9237
2026-08-28T08:51:09.985Z,a70ca0a00c8cd169a93b300cfcb450b5ecbde7f8,100000,42,postgres,Q05_daily_unique_visitors,18,19.9992
2026-08-28T08:51:09.985Z,a70ca0a00c8cd169a93b300cfcb450b5ecbde7f8,100000,42,postgres,Q05_daily_unique_visitors,19,19.6477
2026-08-28T08:51:09.985Z,a70ca0a00c8cd169a93b300cfcb450b5ecbde7f8,100000,42,postgres,Q05_daily_unique_visitors,20,19.8768
2026-08-28T08:51:09.985Z,a70ca0a00c8cd169a93b300cfcb450b5ecbde7f8,100000,42,postgres,Q05_daily_unique_visitors,21,19.7950
2026-08-28T08:51:09.985Z,a70ca0a00c8cd169a93b300cfcb450b5ecbde7f8,100000,42,postgres,Q05_daily_unique_visitors,22,20.2567
2026-08-28T08:51:09.985Z,a70ca0a00c8cd169a93b300cfcb450b5ecbde7f8,100000,42,postgres,Q05_daily_unique_visitors,23,19.7117
2026-08-28T08:51:09.985Z,a70ca0a00c8cd169a93b300cfcb450b5ecbde7f8,100000,42,postgres,Q05_daily_unique_visitors,24,20.0882
2026-08-28T08:51:09.985Z,a70ca0a00c8cd169a93b300cfcb450b5ecbde7f8,100000,42,postgres,Q05_daily_unique_visitors,25,19.7382
2026-08-28T08:51:09.985Z,a70ca0a00c8cd169a93b300cfcb450b5ecbde7f8,100000,42,postgres,Q05_daily_unique_visitors,26,20.7061
2026-08-28T08:51:09.985Z,a70ca0a00c8cd169a93b300cfcb450b5ecbde7f8,100000,42,postgres,Q05_daily_unique_visitors,27,19.4413
2026-08-28T08:51:09.985Z,a70ca0a00c8cd169a93b300cfcb450b5ecbde7f8,100000,42,postgres,Q05_daily_unique_visitors,28,19.9720
2026-08-28T08:51:09.985Z,a70ca0a00c8cd169a93b300cfcb450b5ecbde7f8,100000,42,postgres,Q05_daily_unique_visitors,29,19.5399
2026-08-28T08:51:09.985Z,a70ca0a00c8cd169a93b300cfcb450b5ecbde7f8,100000,42,postgres,Q05_daily_unique_visitors,30,20.1770
2026-08-28T08:51:09.985Z,a70ca0a00c8cd169a93b300cfcb450b5ecbde7f8,100000,42,duckdb,Q05_daily_unique_visitors,1,7.8286
2026-08-28T08:51:09.985Z,a70ca0a00c8cd169a93b300cfcb450b5ecbde7f8,100000,42,duckdb,Q05_daily_unique_visitors,2,5.2964
2026-08-28T08:51:09.985Z,a70ca0a00c8cd169a93b300cfcb450b5ecbde7f8,100000,42,duckdb,Q05_daily_unique_visitors,3,7.7977
2026-08-28T08:51:09.985Z,a70ca0a00c8cd169a93b300cfcb450b5ecbde7f8,100000,42,duckdb,Q05_daily_unique_visitors,4,4.6456
2026-08-28T08:51:09.985Z,a70ca0a00c8cd169a93b300cfcb450b5ecbde7f8,100000,42,duckdb,Q05_daily_unique_visitors,5,7.8724
2026-08-28T08:51:09.985Z,a70ca0a00c8cd169a93b300cfcb450b5ecbde7f8,100000,42,duckdb,Q05_daily_unique_visitors,6,4.8183
2026-08-28T08:51:09.985Z,a70ca0a00c8cd169a93b300cfcb450b5ecbde7f8,100000,42,duckdb,Q05_daily_unique_visitors,7,10.1816
2026-08-28T08:51:09.985Z,a70ca0a00c8cd169a93b300cfcb450b5ecbde7f8,100000,42,duckdb,Q05_daily_unique_visitors,8,6.3335
2026-08-28T08:51:09.985Z,a70ca0a00c8cd169a93b300cfcb450b5ecbde7f8,100000,42,duckdb,Q05_daily_unique_visitors,9,7.7620
2026-08-28T08:51:09.985Z,a70ca0a00c8cd169a93b300cfcb450b5ecbde7f8,100000,42,duckdb,Q05_daily_unique_visitors,10,5.2181
2026-08-28T08:51:09.985Z,a70ca0a00c8cd169a93b300cfcb450b5ecbde7f8,100000,42,duckdb,Q05_daily_unique_visitors,11,7.6342
2026-08-28T08:51:09.985Z,a70ca0a00c8cd169a93b300cfcb450b5ecbde7f8,100000,42,duckdb,Q05_daily_unique_visitors,12,3.3834
2026-08-28T08:51:09.985Z,a70ca0a00c8cd169a93b300cfcb450b5ecbde7f8,100000,42,duckdb,Q05_daily_unique_visitors,13,9.3016
2026-08-28T08:51:09.985Z,a70ca0a00c8cd169a93b300cfcb450b5ecbde7f8,100000,42,duckdb,Q05_daily_unique_visitors,14,6.6837
2026-08-28T08:51:09.985Z,a70ca0a00c8cd169a93b300cfcb450b5ecbde7f8,100000,42,duckdb,Q05_daily_unique_visitors,15,7.9946
2026-08-28T08:51:09.985Z,a70ca0a00c8cd169a93b300cfcb450b5ecbde7f8,100000,42,duckdb,Q05_daily_unique_visitors,16,6.1399
2026-08-28T08:51:09.985Z,a70ca0a00c8cd169a93b300cfcb450b5ecbde7f8,100000,42,duckdb,Q05_daily_unique_visitors,17,6.0607
2026-08-28T08:51:09.985Z,a70ca0a00c8cd169a93b300cfcb450b5ecbde7f8,100000,42,duckdb,Q05_daily_unique_visitors,18,4.9354
2026-08-28T08:51:09.985Z,a70ca0a00c8cd169a93b300cfcb450b5ecbde7f8,100000,42,duckdb,Q05_daily_unique_visitors,19,6.7053
2026-08-28T08:51:09.985Z,a70ca0a00c8cd169a93b300cfcb450b5ecbde7f8,100000,42,duckdb,Q05_daily_unique_visitors,20,4.9287
2026-08-28T08:51:09.985Z,a70ca0a00c8cd169a93b300cfcb450b5ecbde7f8,100000,42,duckdb,Q05_daily_unique_visitors,21,5.7813
2026-08-28T08:51:09.985Z,a70ca0a00c8cd169a93b300cfcb450b5ecbde7f8,100000,42,duckdb,Q05_daily_unique_visitors,22,3.6874
2026-08-28T08:51:09.985Z,a70ca0a00c8cd169a93b300cfcb450b5ecbde7f8,100000,42,duckdb,Q05_daily_unique_visitors,23,6.7338
2026-08-28T08:51:09.985Z,a70ca0a00c8cd169a93b300cfcb450b5ecbde7f8,100000,42,duckdb,Q05_daily_unique_visitors,24,4.0430
2026-08-28T08:51:09.985Z,a70ca0a00c8cd169a93b300cfcb450b5ecbde7f8,100000,42,duckdb,Q05_daily_unique_visitors,25,8.8465
2026-08-28T08:51:09.985Z,a70ca0a00c8cd169a93b300cfcb450b5ecbde7f8,100000,42,duckdb,Q05_daily_unique_visitors,26,6.0840
2026-08-28T08:51:09.985Z,a70ca0a00c8cd169a93b300cfcb450b5ecbde7f8,100000,42,duckdb,Q05_daily_unique_visitors,27,8.3478
2026-08-28T08:51:09.985Z,a70ca0a00c8cd169a93b300cfcb450b5ecbde7f8,100000,42,duckdb,Q05_daily_unique_visitors,28,4.7873
2026-08-28T08:51:09.985Z,a70ca0a00c8cd169a93b300cfcb450b5ecbde7f8,100000,42,duckdb,Q05_daily_unique_visitors,29,8.1059
2026-08-28T08:51:09.985Z,a70ca0a00c8cd169a93b300cfcb450b5ecbde7f8,100000,42,duckdb,Q05_daily_unique_visitors,30,5.8381
2026-08-28T08:51:09.985Z,a70ca0a00c8cd169a93b300cfcb450b5ecbde7f8,100000,42,postgres,Q06_top_pages,1,19.0503
2026-08-28T08:51:09.985Z,a70ca0a00c8cd169a93b300cfcb450b5ecbde7f8,100000,42,postgres,Q06_top_pages,2,18.9317
2026-08-28T08:51:09.985Z,a70ca0a00c8cd169a93b300cfcb450b5ecbde7f8,100000,42,postgres,Q06_top_pages,3,18.7473
2026-08-28T08:51:09.985Z,a70ca0a00c8cd169a93b300cfcb450b5ecbde7f8,100000,42,postgres,Q06_top_pages,4,19.4147
2026-08-28T08:51:09.985Z,a70ca0a00c8cd169a93b300cfcb450b5ecbde7f8,100000,42,postgres,Q06_top_pages,5,19.4157
2026-08-28T08:51:09.985Z,a70ca0a00c8cd169a93b300cfcb450b5ecbde7f8,100000,42,postgres,Q06_top_pages,6,19.1688
2026-08-28T08:51:09.985Z,a70ca0a00c8cd169a93b300cfcb450b5ecbde7f8,100000,42,postgres,Q06_top_pages,7,18.6919
2026-08-28T08:51:09.985Z,a70ca0a00c8cd169a93b300cfcb450b5ecbde7f8,100000,42,postgres,Q06_top_pages,8,19.1594
2026-08-28T08:51:09.985Z,a70ca0a00c8cd169a93b300cfcb450b5ecbde7f8,100000,42,postgres,Q06_top_pages,9,18.9850
2026-08-28T08:51:09.985Z,a70ca0a00c8cd169a93b300cfcb450b5ecbde7f8,100000,42,postgres,Q06_top_pages,10,19.2247
2026-08-28T08:51:09.985Z,a70ca0a00c8cd169a93b300cfcb450b5ecbde7f8,100000,42,postgres,Q06_top_pages,11,18.8819
2026-08-28T08:51:09.985Z,a70ca0a00c8cd169a93b300cfcb450b5ecbde7f8,100000,42,postgres,Q06_top_pages,12,19.2514
2026-08-28T08:51:09.985Z,a70ca0a00c8cd169a93b300cfcb450b5ecbde7f8,100000,42,postgres,Q06_top_pages,13,19.0075
2026-08-28T08:51:09.985Z,a70ca0a00c8cd169a93b300cfcb450b5ecbde7f8,100000,42,postgres,Q06_top_pages,14,19.1285
2026-08-28T08:51:09.985Z,a70ca0a00c8cd169a93b300cfcb450b5ecbde7f8,100000,42,postgres,Q06_top_pages,15,18.6431
2026-08-28T08:51:09.985Z,a70ca0a00c8cd169a93b300cfcb450b5ecbde7f8,100000,42,postgres,Q06_top_pages,16,19.6751
2026-08-28T08:51:09.985Z,a70ca0a00c8cd169a93b300cfcb450b5ecbde7f8,100000,42,postgres,Q06_top_pages,17,19.0027
2026-08-28T08:51:09.985Z,a70ca0a00c8cd169a93b300cfcb450b5ecbde7f8,100000,42,postgres,Q06_top_pages,18,19.2223
2026-08-28T08:51:09.985Z,a70ca0a00c8cd169a93b300cfcb450b5ecbde7f8,100000,42,postgres,Q06_top_pages,19,18.7379
2026-08-28T08:51:09.985Z,a70ca0a00c8cd169a93b300cfcb450b5ecbde7f8,100000,42,postgres,Q06_top_pages,20,18.9870
2026-08-28T08:51:09.985Z,a70ca0a00c8cd169a93b300cfcb450b5ecbde7f8,100000,42,postgres,Q06_top_pages,21,19.0200
2026-08-28T08:51:09.985Z,a70ca0a00c8cd169a93b300cfcb450b5ecbde7f8,100000,42,postgres,Q06_top_pages,22,18.9175
2026-08-28T08:51:09.985Z,a70ca0a00c8cd169a93b300cfcb450b5ecbde7f8,100000,42,postgres,Q06_top_pages,23,18.6688
2026-08-28T08:51:09.985Z,a70ca0a00c8cd169a93b300cfcb450b5ecbde7f8,100000,42,postgres,Q06_top_pages,24,19.0386
2026-08-28T08:51:09.985Z,a70ca0a00c8cd169a93b300cfcb450b5ecbde7f8,100000,42,postgres,Q06_top_pages,25,18.6889
2026-08-28T08:51:09.985Z,a70ca0a00c8cd169a93b300cfcb450b5ecbde7f8,100000,42,postgres,Q06_top_pages,26,19.0662
2026-08-28T08:51:09.985Z,a70ca0a00c8cd169a93b300cfcb450b5ecbde7f8,100000,42,postgres,Q06_top_pages,27,18.6146
2026-08-28T08:51:09.985Z,a70ca0a00c8cd169a93b300cfcb450b5ecbde7f8,100000,42,postgres,Q06_top_pages,28,19.3819
2026-08-28T08:51:09.985Z,a70ca0a00c8cd169a93b300cfcb450b5ecbde7f8,100000,42,postgres,Q06_top_pages,29,18.7331
2026-08-28T08:51:09.985Z,a70ca0a00c8cd169a93b300cfcb450b5ecbde7f8,100000,42,postgres,Q06_top_pages,30,19.0126
2026-08-28T08:51:09.985Z,a70ca0a00c8cd169a93b300cfcb450b5ecbde7f8,100000,42,duckdb,Q06_top_pages,1,6.7194
2026-08-28T08:51:09.985Z,a70ca0a00c8cd169a93b300cfcb450b5ecbde7f8,100000,42,duckdb,Q06_top_pages,2,6.2815
2026-08-28T08:51:09.985Z,a70ca0a00c8cd169a93b300cfcb450b5ecbde7f8,100000,42,duckdb,Q06_top_pages,3,7.5332
2026-08-28T08:51:09.985Z,a70ca0a00c8cd169a93b300cfcb450b5ecbde7f8,100000,42,duckdb,Q06_top_pages,4,6.1647
2026-08-28T08:51:09.985Z,a70ca0a00c8cd169a93b300cfcb450b5ecbde7f8,100000,42,duckdb,Q06_top_pages,5,7.6600
2026-08-28T08:51:09.985Z,a70ca0a00c8cd169a93b300cfcb450b5ecbde7f8,100000,42,duckdb,Q06_top_pages,6,6.1342
2026-08-28T08:51:09.985Z,a70ca0a00c8cd169a93b300cfcb450b5ecbde7f8,100000,42,duckdb,Q06_top_pages,7,5.4900
2026-08-28T08:51:09.985Z,a70ca0a00c8cd169a93b300cfcb450b5ecbde7f8,100000,42,duckdb,Q06_top_pages,8,6.0362
2026-08-28T08:51:09.985Z,a70ca0a00c8cd169a93b300cfcb450b5ecbde7f8,100000,42,duckdb,Q06_top_pages,9,6.2732
2026-08-28T08:51:09.985Z,a70ca0a00c8cd169a93b300cfcb450b5ecbde7f8,100000,42,duckdb,Q06_top_pages,10,4.9542
2026-08-28T08:51:09.985Z,a70ca0a00c8cd169a93b300cfcb450b5ecbde7f8,100000,42,duckdb,Q06_top_pages,11,7.1216
2026-08-28T08:51:09.985Z,a70ca0a00c8cd169a93b300cfcb450b5ecbde7f8,100000,42,duckdb,Q06_top_pages,12,5.8846
2026-08-28T08:51:09.985Z,a70ca0a00c8cd169a93b300cfcb450b5ecbde7f8,100000,42,duckdb,Q06_top_pages,13,8.9520
2026-08-28T08:51:09.985Z,a70ca0a00c8cd169a93b300cfcb450b5ecbde7f8,100000,42,duckdb,Q06_top_pages,14,6.5393
2026-08-28T08:51:09.985Z,a70ca0a00c8cd169a93b300cfcb450b5ecbde7f8,100000,42,duckdb,Q06_top_pages,15,4.7176
2026-08-28T08:51:09.985Z,a70ca0a00c8cd169a93b300cfcb450b5ecbde7f8,100000,42,duckdb,Q06_top_pages,16,5.8020
2026-08-28T08:51:09.985Z,a70ca0a00c8cd169a93b300cfcb450b5ecbde7f8,100000,42,duckdb,Q06_top_pages,17,7.2211
2026-08-28T08:51:09.985Z,a70ca0a00c8cd169a93b300cfcb450b5ecbde7f8,100000,42,duckdb,Q06_top_pages,18,5.2992
2026-08-28T08:51:09.985Z,a70ca0a00c8cd169a93b300cfcb450b5ecbde7f8,100000,42,duckdb,Q06_top_pages,19,6.3517
2026-08-28T08:51:09.985Z,a70ca0a00c8cd169a93b300cfcb450b5ecbde7f8,100000,42,duckdb,Q06_top_pages,20,6.0326
2026-08-28T08:51:09.985Z,a70ca0a00c8cd169a93b300cfcb450b5ecbde7f8,100000,42,duckdb,Q06_top_pages,21,7.9691
2026-08-28T08:51:09.985Z,a70ca0a00c8cd169a93b300cfcb450b5ecbde7f8,100000,42,duckdb,Q06_top_pages,22,5.8099
2026-08-28T08:51:09.985Z,a70ca0a00c8cd169a93b300cfcb450b5ecbde7f8,100000,42,duckdb,Q06_top_pages,23,5.6066
2026-08-28T08:51:09.985Z,a70ca0a00c8cd169a93b300cfcb450b5ecbde7f8,100000,42,duckdb,Q06_top_pages,24,6.0690
2026-08-28T08:51:09.985Z,a70ca0a00c8cd169a93b300cfcb450b5ecbde7f8,100000,42,duckdb,Q06_top_pages,25,7.9499
2026-08-28T08:51:09.985Z,a70ca0a00c8cd169a93b300cfcb450b5ecbde7f8,100000,42,duckdb,Q06_top_pages,26,5.5293
2026-08-28T08:51:09.985Z,a70ca0a00c8cd169a93b300cfcb450b5ecbde7f8,100000,42,duckdb,Q06_top_pages,27,6.4199
2026-08-28T08:51:09.985Z,a70ca0a00c8cd169a93b300cfcb450b5ecbde7f8,100000,42,duckdb,Q06_top_pages,28,6.0708
2026-08-28T08:51:09.985Z,a70ca0a00c8cd169a93b300cfcb450b5ecbde7f8,100000,42,duckdb,Q06_top_pages,29,8.3952
2026-08-28T08:51:09.985Z,a70ca0a00c8cd169a93b300cfcb450b5ecbde7f8,100000,42,duckdb,Q06_top_pages,30,5.8885
2026-08-28T08:51:09.985Z,a70ca0a00c8cd169a93b300cfcb450b5ecbde7f8,100000,42,postgres,Q07_referrer_sources,1,26.8040
2026-08-28T08:51:09.985Z,a70ca0a00c8cd169a93b300cfcb450b5ecbde7f8,100000,42,postgres,Q07_referrer_sources,2,26.6885
2026-08-28T08:51:09.985Z,a70ca0a00c8cd169a93b300cfcb450b5ecbde7f8,100000,42,postgres,Q07_referrer_sources,3,26.3841
2026-08-28T08:51:09.985Z,a70ca0a00c8cd169a93b300cfcb450b5ecbde7f8,100000,42,postgres,Q07_referrer_sources,4,26.7946
2026-08-28T08:51:09.985Z,a70ca0a00c8cd169a93b300cfcb450b5ecbde7f8,100000,42,postgres,Q07_referrer_sources,5,25.9695
2026-08-28T08:51:09.985Z,a70ca0a00c8cd169a93b300cfcb450b5ecbde7f8,100000,42,postgres,Q07_referrer_sources,6,26.5716
2026-08-28T08:51:09.985Z,a70ca0a00c8cd169a93b300cfcb450b5ecbde7f8,100000,42,postgres,Q07_referrer_sources,7,26.2178
2026-08-28T08:51:09.985Z,a70ca0a00c8cd169a93b300cfcb450b5ecbde7f8,100000,42,postgres,Q07_referrer_sources,8,26.7410
2026-08-28T08:51:09.985Z,a70ca0a00c8cd169a93b300cfcb450b5ecbde7f8,100000,42,postgres,Q07_referrer_sources,9,26.9570
2026-08-28T08:51:09.985Z,a70ca0a00c8cd169a93b300cfcb450b5ecbde7f8,100000,42,postgres,Q07_referrer_sources,10,26.8715
2026-08-28T08:51:09.985Z,a70ca0a00c8cd169a93b300cfcb450b5ecbde7f8,100000,42,postgres,Q07_referrer_sources,11,26.0963
2026-08-28T08:51:09.985Z,a70ca0a00c8cd169a93b300cfcb450b5ecbde7f8,100000,42,postgres,Q07_referrer_sources,12,26.7638
2026-08-28T08:51:09.985Z,a70ca0a00c8cd169a93b300cfcb450b5ecbde7f8,100000,42,postgres,Q07_referrer_sources,13,26.0143
2026-08-28T08:51:09.985Z,a70ca0a00c8cd169a93b300cfcb450b5ecbde7f8,100000,42,postgres,Q07_referrer_sources,14,27.0300
2026-08-28T08:51:09.985Z,a70ca0a00c8cd169a93b300cfcb450b5ecbde7f8,100000,42,postgres,Q07_referrer_sources,15,26.6203
2026-08-28T08:51:09.985Z,a70ca0a00c8cd169a93b300cfcb450b5ecbde7f8,100000,42,postgres,Q07_referrer_sources,16,27.4467
2026-08-28T08:51:09.985Z,a70ca0a00c8cd169a93b300cfcb450b5ecbde7f8,100000,42,postgres,Q07_referrer_sources,17,25.9304
2026-08-28T08:51:09.985Z,a70ca0a00c8cd169a93b300cfcb450b5ecbde7f8,100000,42,postgres,Q07_referrer_sources,18,26.6604
2026-08-28T08:51:09.985Z,a70ca0a00c8cd169a93b300cfcb450b5ecbde7f8,100000,42,postgres,Q07_referrer_sources,19,26.7317
2026-08-28T08:51:09.985Z,a70ca0a00c8cd169a93b300cfcb450b5ecbde7f8,100000,42,postgres,Q07_referrer_sources,20,27.0823
2026-08-28T08:51:09.985Z,a70ca0a00c8cd169a93b300cfcb450b5ecbde7f8,100000,42,postgres,Q07_referrer_sources,21,26.7760
2026-08-28T08:51:09.985Z,a70ca0a00c8cd169a93b300cfcb450b5ecbde7f8,100000,42,postgres,Q07_referrer_sources,22,27.3565
2026-08-28T08:51:09.985Z,a70ca0a00c8cd169a93b300cfcb450b5ecbde7f8,100000,42,postgres,Q07_referrer_sources,23,26.4518
2026-08-28T08:51:09.985Z,a70ca0a00c8cd169a93b300cfcb450b5ecbde7f8,100000,42,postgres,Q07_referrer_sources,24,26.7984
2026-08-28T08:51:09.985Z,a70ca0a00c8cd169a93b300cfcb450b5ecbde7f8,100000,42,postgres,Q07_referrer_sources,25,26.9348
2026-08-28T08:51:09.985Z,a70ca0a00c8cd169a93b300cfcb450b5ecbde7f8,100000,42,postgres,Q07_referrer_sources,26,27.6268
2026-08-28T08:51:09.985Z,a70ca0a00c8cd169a93b300cfcb450b5ecbde7f8,100000,42,postgres,Q07_referrer_sources,27,26.5364
2026-08-28T08:51:09.985Z,a70ca0a00c8cd169a93b300cfcb450b5ecbde7f8,100000,42,postgres,Q07_referrer_sources,28,26.9991
2026-08-28T08:51:09.985Z,a70ca0a00c8cd169a93b300cfcb450b5ecbde7f8,100000,42,postgres,Q07_referrer_sources,29,26.2277
2026-08-28T08:51:09.985Z,a70ca0a00c8cd169a93b300cfcb450b5ecbde7f8,100000,42,postgres,Q07_referrer_sources,30,27.5483
2026-08-28T08:51:09.985Z,a70ca0a00c8cd169a93b300cfcb450b5ecbde7f8,100000,42,duckdb,Q07_referrer_sources,1,12.7924
2026-08-28T08:51:09.985Z,a70ca0a00c8cd169a93b300cfcb450b5ecbde7f8,100000,42,duckdb,Q07_referrer_sources,2,11.9717
2026-08-28T08:51:09.985Z,a70ca0a00c8cd169a93b300cfcb450b5ecbde7f8,100000,42,duckdb,Q07_referrer_sources,3,14.0539
2026-08-28T08:51:09.985Z,a70ca0a00c8cd169a93b300cfcb450b5ecbde7f8,100000,42,duckdb,Q07_referrer_sources,4,12.2760
2026-08-28T08:51:09.985Z,a70ca0a00c8cd169a93b300cfcb450b5ecbde7f8,100000,42,duckdb,Q07_referrer_sources,5,13.8093
2026-08-28T08:51:09.985Z,a70ca0a00c8cd169a93b300cfcb450b5ecbde7f8,100000,42,duckdb,Q07_referrer_sources,6,11.2651
2026-08-28T08:51:09.985Z,a70ca0a00c8cd169a93b300cfcb450b5ecbde7f8,100000,42,duckdb,Q07_referrer_sources,7,12.4904
2026-08-28T08:51:09.985Z,a70ca0a00c8cd169a93b300cfcb450b5ecbde7f8,100000,42,duckdb,Q07_referrer_sources,8,12.5132
2026-08-28T08:51:09.985Z,a70ca0a00c8cd169a93b300cfcb450b5ecbde7f8,100000,42,duckdb,Q07_referrer_sources,9,12.1062
2026-08-28T08:51:09.985Z,a70ca0a00c8cd169a93b300cfcb450b5ecbde7f8,100000,42,duckdb,Q07_referrer_sources,10,12.0852
2026-08-28T08:51:09.985Z,a70ca0a00c8cd169a93b300cfcb450b5ecbde7f8,100000,42,duckdb,Q07_referrer_sources,11,11.6143
2026-08-28T08:51:09.985Z,a70ca0a00c8cd169a93b300cfcb450b5ecbde7f8,100000,42,duckdb,Q07_referrer_sources,12,11.5790
2026-08-28T08:51:09.985Z,a70ca0a00c8cd169a93b300cfcb450b5ecbde7f8,100000,42,duckdb,Q07_referrer_sources,13,13.8870
2026-08-28T08:51:09.985Z,a70ca0a00c8cd169a93b300cfcb450b5ecbde7f8,100000,42,duckdb,Q07_referrer_sources,14,11.7993
2026-08-28T08:51:09.985Z,a70ca0a00c8cd169a93b300cfcb450b5ecbde7f8,100000,42,duckdb,Q07_referrer_sources,15,13.1833
2026-08-28T08:51:09.985Z,a70ca0a00c8cd169a93b300cfcb450b5ecbde7f8,100000,42,duckdb,Q07_referrer_sources,16,12.0844
2026-08-28T08:51:09.985Z,a70ca0a00c8cd169a93b300cfcb450b5ecbde7f8,100000,42,duckdb,Q07_referrer_sources,17,14.0533
2026-08-28T08:51:09.985Z,a70ca0a00c8cd169a93b300cfcb450b5ecbde7f8,100000,42,duckdb,Q07_referrer_sources,18,11.4937
2026-08-28T08:51:09.985Z,a70ca0a00c8cd169a93b300cfcb450b5ecbde7f8,100000,42,duckdb,Q07_referrer_sources,19,12.9800
2026-08-28T08:51:09.985Z,a70ca0a00c8cd169a93b300cfcb450b5ecbde7f8,100000,42,duckdb,Q07_referrer_sources,20,11.5921
2026-08-28T08:51:09.985Z,a70ca0a00c8cd169a93b300cfcb450b5ecbde7f8,100000,42,duckdb,Q07_referrer_sources,21,12.3791
2026-08-28T08:51:09.985Z,a70ca0a00c8cd169a93b300cfcb450b5ecbde7f8,100000,42,duckdb,Q07_referrer_sources,22,12.1532
2026-08-28T08:51:09.985Z,a70ca0a00c8cd169a93b300cfcb450b5ecbde7f8,100000,42,duckdb,Q07_referrer_sources,23,12.7369
2026-08-28T08:51:09.985Z,a70ca0a00c8cd169a93b300cfcb450b5ecbde7f8,100000,42,duckdb,Q07_referrer_sources,24,12.2791
2026-08-28T08:51:09.985Z,a70ca0a00c8cd169a93b300cfcb450b5ecbde7f8,100000,42,duckdb,Q07_referrer_sources,25,12.9801
2026-08-28T08:51:09.985Z,a70ca0a00c8cd169a93b300cfcb450b5ecbde7f8,100000,42,duckdb,Q07_referrer_sources,26,11.5664
2026-08-28T08:51:09.985Z,a70ca0a00c8cd169a93b300cfcb450b5ecbde7f8,100000,42,duckdb,Q07_referrer_sources,27,13.5550
2026-08-28T08:51:09.985Z,a70ca0a00c8cd169a93b300cfcb450b5ecbde7f8,100000,42,duckdb,Q07_referrer_sources,28,11.7666
2026-08-28T08:51:09.985Z,a70ca0a00c8cd169a93b300cfcb450b5ecbde7f8,100000,42,duckdb,Q07_referrer_sources,29,13.7361
2026-08-28T08:51:09.985Z,a70ca0a00c8cd169a93b300cfcb450b5ecbde7f8,100000,42,duckdb,Q07_referrer_sources,30,12.0670
2026-08-28T08:51:09.985Z,a70ca0a00c8cd169a93b300cfcb450b5ecbde7f8,100000,42,postgres,Q08_date_range_filter,1,10.1678
2026-08-28T08:51:09.985Z,a70ca0a00c8cd169a93b300cfcb450b5ecbde7f8,100000,42,postgres,Q08_date_range_filter,2,10.3166
2026-08-28T08:51:09.985Z,a70ca0a00c8cd169a93b300cfcb450b5ecbde7f8,100000,42,postgres,Q08_date_range_filter,3,9.8698
2026-08-28T08:51:09.985Z,a70ca0a00c8cd169a93b300cfcb450b5ecbde7f8,100000,42,postgres,Q08_date_range_filter,4,10.1512
2026-08-28T08:51:09.985Z,a70ca0a00c8cd169a93b300cfcb450b5ecbde7f8,100000,42,postgres,Q08_date_range_filter,5,10.2656
2026-08-28T08:51:09.985Z,a70ca0a00c8cd169a93b300cfcb450b5ecbde7f8,100000,42,postgres,Q08_date_range_filter,6,9.9654
2026-08-28T08:51:09.985Z,a70ca0a00c8cd169a93b300cfcb450b5ecbde7f8,100000,42,postgres,Q08_date_range_filter,7,10.2690
2026-08-28T08:51:09.985Z,a70ca0a00c8cd169a93b300cfcb450b5ecbde7f8,100000,42,postgres,Q08_date_range_filter,8,10.2600
2026-08-28T08:51:09.985Z,a70ca0a00c8cd169a93b300cfcb450b5ecbde7f8,100000,42,postgres,Q08_date_range_filter,9,9.9562
2026-08-28T08:51:09.985Z,a70ca0a00c8cd169a93b300cfcb450b5ecbde7f8,100000,42,postgres,Q08_date_range_filter,10,10.2135
2026-08-28T08:51:09.985Z,a70ca0a00c8cd169a93b300cfcb450b5ecbde7f8,100000,42,postgres,Q08_date_range_filter,11,9.7891
2026-08-28T08:51:09.985Z,a70ca0a00c8cd169a93b300cfcb450b5ecbde7f8,100000,42,postgres,Q08_date_range_filter,12,10.3708
2026-08-28T08:51:09.985Z,a70ca0a00c8cd169a93b300cfcb450b5ecbde7f8,100000,42,postgres,Q08_date_range_filter,13,9.9253
2026-08-28T08:51:09.985Z,a70ca0a00c8cd169a93b300cfcb450b5ecbde7f8,100000,42,postgres,Q08_date_range_filter,14,10.0637
2026-08-28T08:51:09.985Z,a70ca0a00c8cd169a93b300cfcb450b5ecbde7f8,100000,42,postgres,Q08_date_range_filter,15,10.4395
2026-08-28T08:51:09.985Z,a70ca0a00c8cd169a93b300cfcb450b5ecbde7f8,100000,42,postgres,Q08_date_range_filter,16,10.2749
2026-08-28T08:51:09.985Z,a70ca0a00c8cd169a93b300cfcb450b5ecbde7f8,100000,42,postgres,Q08_date_range_filter,17,9.9620
2026-08-28T08:51:09.985Z,a70ca0a00c8cd169a93b300cfcb450b5ecbde7f8,100000,42,postgres,Q08_date_range_filter,18,10.1958
2026-08-28T08:51:09.985Z,a70ca0a00c8cd169a93b300cfcb450b5ecbde7f8,100000,42,postgres,Q08_date_range_filter,19,10.1032
2026-08-28T08:51:09.985Z,a70ca0a00c8cd169a93b300cfcb450b5ecbde7f8,100000,42,postgres,Q08_date_range_filter,20,10.1210
2026-08-28T08:51:09.985Z,a70ca0a00c8cd169a93b300cfcb450b5ecbde7f8,100000,42,postgres,Q08_date_range_filter,21,10.1568
2026-08-28T08:51:09.985Z,a70ca0a00c8cd169a93b300cfcb450b5ecbde7f8,100000,42,postgres,Q08_date_range_filter,22,10.2645
2026-08-28T08:51:09.985Z,a70ca0a00c8cd169a93b300cfcb450b5ecbde7f8,100000,42,postgres,Q08_date_range_filter,23,9.8208
2026-08-28T08:51:09.985Z,a70ca0a00c8cd169a93b300cfcb450b5ecbde7f8,100000,42,postgres,Q08_date_range_filter,24,10.2594
2026-08-28T08:51:09.985Z,a70ca0a00c8cd169a93b300cfcb450b5ecbde7f8,100000,42,postgres,Q08_date_range_filter,25,9.7651
2026-08-28T08:51:09.985Z,a70ca0a00c8cd169a93b300cfcb450b5ecbde7f8,100000,42,postgres,Q08_date_range_filter,26,10.1694
2026-08-28T08:51:09.985Z,a70ca0a00c8cd169a93b300cfcb450b5ecbde7f8,100000,42,postgres,Q08_date_range_filter,27,10.0596
2026-08-28T08:51:09.985Z,a70ca0a00c8cd169a93b300cfcb450b5ecbde7f8,100000,42,postgres,Q08_date_range_filter,28,10.0542
2026-08-28T08:51:09.985Z,a70ca0a00c8cd169a93b300cfcb450b5ecbde7f8,100000,42,postgres,Q08_date_range_filter,29,9.9205
2026-08-28T08:51:09.985Z,a70ca0a00c8cd169a93b300cfcb450b5ecbde7f8,100000,42,postgres,Q08_date_range_filter,30,10.0061
2026-08-28T08:51:09.985Z,a70ca0a00c8cd169a93b300cfcb450b5ecbde7f8,100000,42,duckdb,Q08_date_range_filter,1,1.9298
2026-08-28T08:51:09.985Z,a70ca0a00c8cd169a93b300cfcb450b5ecbde7f8,100000,42,duckdb,Q08_date_range_filter,2,1.4921
2026-08-28T08:51:09.985Z,a70ca0a00c8cd169a93b300cfcb450b5ecbde7f8,100000,42,duckdb,Q08_date_range_filter,3,4.9198
2026-08-28T08:51:09.985Z,a70ca0a00c8cd169a93b300cfcb450b5ecbde7f8,100000,42,duckdb,Q08_date_range_filter,4,1.3968
2026-08-28T08:51:09.985Z,a70ca0a00c8cd169a93b300cfcb450b5ecbde7f8,100000,42,duckdb,Q08_date_range_filter,5,4.4148
2026-08-28T08:51:09.985Z,a70ca0a00c8cd169a93b300cfcb450b5ecbde7f8,100000,42,duckdb,Q08_date_range_filter,6,2.5818
2026-08-28T08:51:09.985Z,a70ca0a00c8cd169a93b300cfcb450b5ecbde7f8,100000,42,duckdb,Q08_date_range_filter,7,3.9005
2026-08-28T08:51:09.985Z,a70ca0a00c8cd169a93b300cfcb450b5ecbde7f8,100000,42,duckdb,Q08_date_range_filter,8,2.1748
2026-08-28T08:51:09.985Z,a70ca0a00c8cd169a93b300cfcb450b5ecbde7f8,100000,42,duckdb,Q08_date_range_filter,9,4.0364
2026-08-28T08:51:09.985Z,a70ca0a00c8cd169a93b300cfcb450b5ecbde7f8,100000,42,duckdb,Q08_date_range_filter,10,3.2544
2026-08-28T08:51:09.985Z,a70ca0a00c8cd169a93b300cfcb450b5ecbde7f8,100000,42,duckdb,Q08_date_range_filter,11,3.8113
2026-08-28T08:51:09.985Z,a70ca0a00c8cd169a93b300cfcb450b5ecbde7f8,100000,42,duckdb,Q08_date_range_filter,12,1.6060
2026-08-28T08:51:09.985Z,a70ca0a00c8cd169a93b300cfcb450b5ecbde7f8,100000,42,duckdb,Q08_date_range_filter,13,4.5862
2026-08-28T08:51:09.985Z,a70ca0a00c8cd169a93b300cfcb450b5ecbde7f8,100000,42,duckdb,Q08_date_range_filter,14,2.7553
2026-08-28T08:51:09.985Z,a70ca0a00c8cd169a93b300cfcb450b5ecbde7f8,100000,42,duckdb,Q08_date_range_filter,15,3.7618
2026-08-28T08:51:09.985Z,a70ca0a00c8cd169a93b300cfcb450b5ecbde7f8,100000,42,duckdb,Q08_date_range_filter,16,1.6450
2026-08-28T08:51:09.985Z,a70ca0a00c8cd169a93b300cfcb450b5ecbde7f8,100000,42,duckdb,Q08_date_range_filter,17,3.7147
2026-08-28T08:51:09.985Z,a70ca0a00c8cd169a93b300cfcb450b5ecbde7f8,100000,42,duckdb,Q08_date_range_filter,18,3.0145
2026-08-28T08:51:09.985Z,a70ca0a00c8cd169a93b300cfcb450b5ecbde7f8,100000,42,duckdb,Q08_date_range_filter,19,3.9127
2026-08-28T08:51:09.985Z,a70ca0a00c8cd169a93b300cfcb450b5ecbde7f8,100000,42,duckdb,Q08_date_range_filter,20,1.8699
2026-08-28T08:51:09.985Z,a70ca0a00c8cd169a93b300cfcb450b5ecbde7f8,100000,42,duckdb,Q08_date_range_filter,21,4.2105
2026-08-28T08:51:09.985Z,a70ca0a00c8cd169a93b300cfcb450b5ecbde7f8,100000,42,duckdb,Q08_date_range_filter,22,3.1791
2026-08-28T08:51:09.985Z,a70ca0a00c8cd169a93b300cfcb450b5ecbde7f8,100000,42,duckdb,Q08_date_range_filter,23,4.6007
2026-08-28T08:51:09.985Z,a70ca0a00c8cd169a93b300cfcb450b5ecbde7f8,100000,42,duckdb,Q08_date_range_filter,24,2.7407
2026-08-28T08:51:09.985Z,a70ca0a00c8cd169a93b300cfcb450b5ecbde7f8,100000,42,duckdb,Q08_date_range_filter,25,4.2465
2026-08-28T08:51:09.985Z,a70ca0a00c8cd169a93b300cfcb450b5ecbde7f8,100000,42,duckdb,Q08_date_range_filter,26,3.3054
2026-08-28T08:51:09.985Z,a70ca0a00c8cd169a93b300cfcb450b5ecbde7f8,100000,42,duckdb,Q08_date_range_filter,27,3.8906
2026-08-28T08:51:09.985Z,a70ca0a00c8cd169a93b300cfcb450b5ecbde7f8,100000,42,duckdb,Q08_date_range_filter,28,3.4700
2026-08-28T08:51:09.985Z,a70ca0a00c8cd169a93b300cfcb450b5ecbde7f8,100000,42,duckdb,Q08_date_range_filter,29,4.3962
2026-08-28T08:51:09.985Z,a70ca0a00c8cd169a93b300cfcb450b5ecbde7f8,100000,42,duckdb,Q08_date_range_filter,30,3.4723
2026-08-28T08:51:09.985Z,a70ca0a00c8cd169a93b300cfcb450b5ecbde7f8,100000,42,postgres,Q09_multi_dim_groupby,1,8.8718
2026-08-28T08:51:09.985Z,a70ca0a00c8cd169a93b300cfcb450b5ecbde7f8,100000,42,postgres,Q09_multi_dim_groupby,2,8.9110
2026-08-28T08:51:09.985Z,a70ca0a00c8cd169a93b300cfcb450b5ecbde7f8,100000,42,postgres,Q09_multi_dim_groupby,3,8.7029
2026-08-28T08:51:09.985Z,a70ca0a00c8cd169a93b300cfcb450b5ecbde7f8,100000,42,postgres,Q09_multi_dim_groupby,4,8.8680
2026-08-28T08:51:09.985Z,a70ca0a00c8cd169a93b300cfcb450b5ecbde7f8,100000,42,postgres,Q09_multi_dim_groupby,5,8.8323
2026-08-28T08:51:09.985Z,a70ca0a00c8cd169a93b300cfcb450b5ecbde7f8,100000,42,postgres,Q09_multi_dim_groupby,6,9.2348
2026-08-28T08:51:09.985Z,a70ca0a00c8cd169a93b300cfcb450b5ecbde7f8,100000,42,postgres,Q09_multi_dim_groupby,7,8.8498
2026-08-28T08:51:09.985Z,a70ca0a00c8cd169a93b300cfcb450b5ecbde7f8,100000,42,postgres,Q09_multi_dim_groupby,8,8.8938
2026-08-28T08:51:09.985Z,a70ca0a00c8cd169a93b300cfcb450b5ecbde7f8,100000,42,postgres,Q09_multi_dim_groupby,9,8.7716
2026-08-28T08:51:09.985Z,a70ca0a00c8cd169a93b300cfcb450b5ecbde7f8,100000,42,postgres,Q09_multi_dim_groupby,10,9.3142
2026-08-28T08:51:09.985Z,a70ca0a00c8cd169a93b300cfcb450b5ecbde7f8,100000,42,postgres,Q09_multi_dim_groupby,11,9.0178
2026-08-28T08:51:09.985Z,a70ca0a00c8cd169a93b300cfcb450b5ecbde7f8,100000,42,postgres,Q09_multi_dim_groupby,12,8.6391
2026-08-28T08:51:09.985Z,a70ca0a00c8cd169a93b300cfcb450b5ecbde7f8,100000,42,postgres,Q09_multi_dim_groupby,13,9.0236
2026-08-28T08:51:09.985Z,a70ca0a00c8cd169a93b300cfcb450b5ecbde7f8,100000,42,postgres,Q09_multi_dim_groupby,14,10.6394
2026-08-28T08:51:09.985Z,a70ca0a00c8cd169a93b300cfcb450b5ecbde7f8,100000,42,postgres,Q09_multi_dim_groupby,15,9.2520
2026-08-28T08:51:09.985Z,a70ca0a00c8cd169a93b300cfcb450b5ecbde7f8,100000,42,postgres,Q09_multi_dim_groupby,16,9.1933
2026-08-28T08:51:09.985Z,a70ca0a00c8cd169a93b300cfcb450b5ecbde7f8,100000,42,postgres,Q09_multi_dim_groupby,17,9.1321
2026-08-28T08:51:09.985Z,a70ca0a00c8cd169a93b300cfcb450b5ecbde7f8,100000,42,postgres,Q09_multi_dim_groupby,18,8.7702
2026-08-28T08:51:09.985Z,a70ca0a00c8cd169a93b300cfcb450b5ecbde7f8,100000,42,postgres,Q09_multi_dim_groupby,19,8.7891
2026-08-28T08:51:09.985Z,a70ca0a00c8cd169a93b300cfcb450b5ecbde7f8,100000,42,postgres,Q09_multi_dim_groupby,20,9.0120
2026-08-28T08:51:09.985Z,a70ca0a00c8cd169a93b300cfcb450b5ecbde7f8,100000,42,postgres,Q09_multi_dim_groupby,21,8.8849
2026-08-28T08:51:09.985Z,a70ca0a00c8cd169a93b300cfcb450b5ecbde7f8,100000,42,postgres,Q09_multi_dim_groupby,22,8.9383
2026-08-28T08:51:09.985Z,a70ca0a00c8cd169a93b300cfcb450b5ecbde7f8,100000,42,postgres,Q09_multi_dim_groupby,23,9.0130
2026-08-28T08:51:09.985Z,a70ca0a00c8cd169a93b300cfcb450b5ecbde7f8,100000,42,postgres,Q09_multi_dim_groupby,24,8.9435
2026-08-28T08:51:09.985Z,a70ca0a00c8cd169a93b300cfcb450b5ecbde7f8,100000,42,postgres,Q09_multi_dim_groupby,25,8.6288
2026-08-28T08:51:09.985Z,a70ca0a00c8cd169a93b300cfcb450b5ecbde7f8,100000,42,postgres,Q09_multi_dim_groupby,26,8.8808
2026-08-28T08:51:09.985Z,a70ca0a00c8cd169a93b300cfcb450b5ecbde7f8,100000,42,postgres,Q09_multi_dim_groupby,27,8.6863
2026-08-28T08:51:09.985Z,a70ca0a00c8cd169a93b300cfcb450b5ecbde7f8,100000,42,postgres,Q09_multi_dim_groupby,28,8.9522
2026-08-28T08:51:09.985Z,a70ca0a00c8cd169a93b300cfcb450b5ecbde7f8,100000,42,postgres,Q09_multi_dim_groupby,29,8.7121
2026-08-28T08:51:09.985Z,a70ca0a00c8cd169a93b300cfcb450b5ecbde7f8,100000,42,postgres,Q09_multi_dim_groupby,30,9.1363
2026-08-28T08:51:09.985Z,a70ca0a00c8cd169a93b300cfcb450b5ecbde7f8,100000,42,duckdb,Q09_multi_dim_groupby,1,3.0110
2026-08-28T08:51:09.985Z,a70ca0a00c8cd169a93b300cfcb450b5ecbde7f8,100000,42,duckdb,Q09_multi_dim_groupby,2,2.2560
2026-08-28T08:51:09.985Z,a70ca0a00c8cd169a93b300cfcb450b5ecbde7f8,100000,42,duckdb,Q09_multi_dim_groupby,3,2.6064
2026-08-28T08:51:09.985Z,a70ca0a00c8cd169a93b300cfcb450b5ecbde7f8,100000,42,duckdb,Q09_multi_dim_groupby,4,3.3691
2026-08-28T08:51:09.985Z,a70ca0a00c8cd169a93b300cfcb450b5ecbde7f8,100000,42,duckdb,Q09_multi_dim_groupby,5,3.0064
2026-08-28T08:51:09.985Z,a70ca0a00c8cd169a93b300cfcb450b5ecbde7f8,100000,42,duckdb,Q09_multi_dim_groupby,6,3.3933
2026-08-28T08:51:09.985Z,a70ca0a00c8cd169a93b300cfcb450b5ecbde7f8,100000,42,duckdb,Q09_multi_dim_groupby,7,2.6181
2026-08-28T08:51:09.985Z,a70ca0a00c8cd169a93b300cfcb450b5ecbde7f8,100000,42,duckdb,Q09_multi_dim_groupby,8,3.5279
2026-08-28T08:51:09.985Z,a70ca0a00c8cd169a93b300cfcb450b5ecbde7f8,100000,42,duckdb,Q09_multi_dim_groupby,9,2.3225
2026-08-28T08:51:09.985Z,a70ca0a00c8cd169a93b300cfcb450b5ecbde7f8,100000,42,duckdb,Q09_multi_dim_groupby,10,3.1625
2026-08-28T08:51:09.985Z,a70ca0a00c8cd169a93b300cfcb450b5ecbde7f8,100000,42,duckdb,Q09_multi_dim_groupby,11,4.0046
2026-08-28T08:51:09.985Z,a70ca0a00c8cd169a93b300cfcb450b5ecbde7f8,100000,42,duckdb,Q09_multi_dim_groupby,12,3.5773
2026-08-28T08:51:09.985Z,a70ca0a00c8cd169a93b300cfcb450b5ecbde7f8,100000,42,duckdb,Q09_multi_dim_groupby,13,2.0948
2026-08-28T08:51:09.985Z,a70ca0a00c8cd169a93b300cfcb450b5ecbde7f8,100000,42,duckdb,Q09_multi_dim_groupby,14,3.3194
2026-08-28T08:51:09.985Z,a70ca0a00c8cd169a93b300cfcb450b5ecbde7f8,100000,42,duckdb,Q09_multi_dim_groupby,15,2.6005
2026-08-28T08:51:09.985Z,a70ca0a00c8cd169a93b300cfcb450b5ecbde7f8,100000,42,duckdb,Q09_multi_dim_groupby,16,2.5909
2026-08-28T08:51:09.985Z,a70ca0a00c8cd169a93b300cfcb450b5ecbde7f8,100000,42,duckdb,Q09_multi_dim_groupby,17,2.2851
2026-08-28T08:51:09.985Z,a70ca0a00c8cd169a93b300cfcb450b5ecbde7f8,100000,42,duckdb,Q09_multi_dim_groupby,18,2.3049
2026-08-28T08:51:09.985Z,a70ca0a00c8cd169a93b300cfcb450b5ecbde7f8,100000,42,duckdb,Q09_multi_dim_groupby,19,2.1998
2026-08-28T08:51:09.985Z,a70ca0a00c8cd169a93b300cfcb450b5ecbde7f8,100000,42,duckdb,Q09_multi_dim_groupby,20,2.1524
2026-08-28T08:51:09.985Z,a70ca0a00c8cd169a93b300cfcb450b5ecbde7f8,100000,42,duckdb,Q09_multi_dim_groupby,21,2.4408
2026-08-28T08:51:09.985Z,a70ca0a00c8cd169a93b300cfcb450b5ecbde7f8,100000,42,duckdb,Q09_multi_dim_groupby,22,2.3119
2026-08-28T08:51:09.985Z,a70ca0a00c8cd169a93b300cfcb450b5ecbde7f8,100000,42,duckdb,Q09_multi_dim_groupby,23,2.2854
2026-08-28T08:51:09.985Z,a70ca0a00c8cd169a93b300cfcb450b5ecbde7f8,100000,42,duckdb,Q09_multi_dim_groupby,24,3.3655
2026-08-28T08:51:09.985Z,a70ca0a00c8cd169a93b300cfcb450b5ecbde7f8,100000,42,duckdb,Q09_multi_dim_groupby,25,2.3026
2026-08-28T08:51:09.985Z,a70ca0a00c8cd169a93b300cfcb450b5ecbde7f8,100000,42,duckdb,Q09_multi_dim_groupby,26,2.5256
2026-08-28T08:51:09.985Z,a70ca0a00c8cd169a93b300cfcb450b5ecbde7f8,100000,42,duckdb,Q09_multi_dim_groupby,27,2.4432
2026-08-28T08:51:09.985Z,a70ca0a00c8cd169a93b300cfcb450b5ecbde7f8,100000,42,duckdb,Q09_multi_dim_groupby,28,3.4070
2026-08-28T08:51:09.985Z,a70ca0a00c8cd169a93b300cfcb450b5ecbde7f8,100000,42,duckdb,Q09_multi_dim_groupby,29,2.3411
2026-08-28T08:51:09.985Z,a70ca0a00c8cd169a93b300cfcb450b5ecbde7f8,100000,42,duckdb,Q09_multi_dim_groupby,30,3.0896
2026-08-28T08:51:09.985Z,a70ca0a00c8cd169a93b300cfcb450b5ecbde7f8,100000,42,postgres,Q10_dashboard_kpi,1,12.6411
2026-08-28T08:51:09.985Z,a70ca0a00c8cd169a93b300cfcb450b5ecbde7f8,100000,42,postgres,Q10_dashboard_kpi,2,12.7656
2026-08-28T08:51:09.985Z,a70ca0a00c8cd169a93b300cfcb450b5ecbde7f8,100000,42,postgres,Q10_dashboard_kpi,3,12.6181
2026-08-28T08:51:09.985Z,a70ca0a00c8cd169a93b300cfcb450b5ecbde7f8,100000,42,postgres,Q10_dashboard_kpi,4,12.8736
2026-08-28T08:51:09.985Z,a70ca0a00c8cd169a93b300cfcb450b5ecbde7f8,100000,42,postgres,Q10_dashboard_kpi,5,12.3128
2026-08-28T08:51:09.985Z,a70ca0a00c8cd169a93b300cfcb450b5ecbde7f8,100000,42,postgres,Q10_dashboard_kpi,6,12.9172
2026-08-28T08:51:09.985Z,a70ca0a00c8cd169a93b300cfcb450b5ecbde7f8,100000,42,postgres,Q10_dashboard_kpi,7,12.4855
2026-08-28T08:51:09.985Z,a70ca0a00c8cd169a93b300cfcb450b5ecbde7f8,100000,42,postgres,Q10_dashboard_kpi,8,13.0563
2026-08-28T08:51:09.985Z,a70ca0a00c8cd169a93b300cfcb450b5ecbde7f8,100000,42,postgres,Q10_dashboard_kpi,9,12.7826
2026-08-28T08:51:09.985Z,a70ca0a00c8cd169a93b300cfcb450b5ecbde7f8,100000,42,postgres,Q10_dashboard_kpi,10,12.7450
2026-08-28T08:51:09.985Z,a70ca0a00c8cd169a93b300cfcb450b5ecbde7f8,100000,42,postgres,Q10_dashboard_kpi,11,12.5540
2026-08-28T08:51:09.985Z,a70ca0a00c8cd169a93b300cfcb450b5ecbde7f8,100000,42,postgres,Q10_dashboard_kpi,12,12.8809
2026-08-28T08:51:09.985Z,a70ca0a00c8cd169a93b300cfcb450b5ecbde7f8,100000,42,postgres,Q10_dashboard_kpi,13,12.9323
2026-08-28T08:51:09.985Z,a70ca0a00c8cd169a93b300cfcb450b5ecbde7f8,100000,42,postgres,Q10_dashboard_kpi,14,12.9170
2026-08-28T08:51:09.985Z,a70ca0a00c8cd169a93b300cfcb450b5ecbde7f8,100000,42,postgres,Q10_dashboard_kpi,15,12.4842
2026-08-28T08:51:09.985Z,a70ca0a00c8cd169a93b300cfcb450b5ecbde7f8,100000,42,postgres,Q10_dashboard_kpi,16,12.4213
2026-08-28T08:51:09.985Z,a70ca0a00c8cd169a93b300cfcb450b5ecbde7f8,100000,42,postgres,Q10_dashboard_kpi,17,12.2120
2026-08-28T08:51:09.985Z,a70ca0a00c8cd169a93b300cfcb450b5ecbde7f8,100000,42,postgres,Q10_dashboard_kpi,18,12.7800
2026-08-28T08:51:09.985Z,a70ca0a00c8cd169a93b300cfcb450b5ecbde7f8,100000,42,postgres,Q10_dashboard_kpi,19,12.5907
2026-08-28T08:51:09.985Z,a70ca0a00c8cd169a93b300cfcb450b5ecbde7f8,100000,42,postgres,Q10_dashboard_kpi,20,12.8715
2026-08-28T08:51:09.985Z,a70ca0a00c8cd169a93b300cfcb450b5ecbde7f8,100000,42,postgres,Q10_dashboard_kpi,21,12.3087
2026-08-28T08:51:09.985Z,a70ca0a00c8cd169a93b300cfcb450b5ecbde7f8,100000,42,postgres,Q10_dashboard_kpi,22,12.5442
2026-08-28T08:51:09.985Z,a70ca0a00c8cd169a93b300cfcb450b5ecbde7f8,100000,42,postgres,Q10_dashboard_kpi,23,12.3912
2026-08-28T08:51:09.985Z,a70ca0a00c8cd169a93b300cfcb450b5ecbde7f8,100000,42,postgres,Q10_dashboard_kpi,24,13.1470
2026-08-28T08:51:09.985Z,a70ca0a00c8cd169a93b300cfcb450b5ecbde7f8,100000,42,postgres,Q10_dashboard_kpi,25,12.5201
2026-08-28T08:51:09.985Z,a70ca0a00c8cd169a93b300cfcb450b5ecbde7f8,100000,42,postgres,Q10_dashboard_kpi,26,12.7373
2026-08-28T08:51:09.985Z,a70ca0a00c8cd169a93b300cfcb450b5ecbde7f8,100000,42,postgres,Q10_dashboard_kpi,27,12.5090
2026-08-28T08:51:09.985Z,a70ca0a00c8cd169a93b300cfcb450b5ecbde7f8,100000,42,postgres,Q10_dashboard_kpi,28,12.8652
2026-08-28T08:51:09.985Z,a70ca0a00c8cd169a93b300cfcb450b5ecbde7f8,100000,42,postgres,Q10_dashboard_kpi,29,12.4415
2026-08-28T08:51:09.985Z,a70ca0a00c8cd169a93b300cfcb450b5ecbde7f8,100000,42,postgres,Q10_dashboard_kpi,30,12.6799
2026-08-28T08:51:09.985Z,a70ca0a00c8cd169a93b300cfcb450b5ecbde7f8,100000,42,duckdb,Q10_dashboard_kpi,1,3.5550
2026-08-28T08:51:09.985Z,a70ca0a00c8cd169a93b300cfcb450b5ecbde7f8,100000,42,duckdb,Q10_dashboard_kpi,2,4.1971
2026-08-28T08:51:09.985Z,a70ca0a00c8cd169a93b300cfcb450b5ecbde7f8,100000,42,duckdb,Q10_dashboard_kpi,3,4.0842
2026-08-28T08:51:09.985Z,a70ca0a00c8cd169a93b300cfcb450b5ecbde7f8,100000,42,duckdb,Q10_dashboard_kpi,4,4.2610
2026-08-28T08:51:09.985Z,a70ca0a00c8cd169a93b300cfcb450b5ecbde7f8,100000,42,duckdb,Q10_dashboard_kpi,5,4.6219
2026-08-28T08:51:09.985Z,a70ca0a00c8cd169a93b300cfcb450b5ecbde7f8,100000,42,duckdb,Q10_dashboard_kpi,6,4.5170
2026-08-28T08:51:09.985Z,a70ca0a00c8cd169a93b300cfcb450b5ecbde7f8,100000,42,duckdb,Q10_dashboard_kpi,7,4.4421
2026-08-28T08:51:09.985Z,a70ca0a00c8cd169a93b300cfcb450b5ecbde7f8,100000,42,duckdb,Q10_dashboard_kpi,8,4.2272
2026-08-28T08:51:09.985Z,a70ca0a00c8cd169a93b300cfcb450b5ecbde7f8,100000,42,duckdb,Q10_dashboard_kpi,9,4.8068
2026-08-28T08:51:09.985Z,a70ca0a00c8cd169a93b300cfcb450b5ecbde7f8,100000,42,duckdb,Q10_dashboard_kpi,10,4.8468
2026-08-28T08:51:09.985Z,a70ca0a00c8cd169a93b300cfcb450b5ecbde7f8,100000,42,duckdb,Q10_dashboard_kpi,11,5.1988
2026-08-28T08:51:09.985Z,a70ca0a00c8cd169a93b300cfcb450b5ecbde7f8,100000,42,duckdb,Q10_dashboard_kpi,12,4.7783
2026-08-28T08:51:09.985Z,a70ca0a00c8cd169a93b300cfcb450b5ecbde7f8,100000,42,duckdb,Q10_dashboard_kpi,13,4.6370
2026-08-28T08:51:09.985Z,a70ca0a00c8cd169a93b300cfcb450b5ecbde7f8,100000,42,duckdb,Q10_dashboard_kpi,14,4.4850
2026-08-28T08:51:09.985Z,a70ca0a00c8cd169a93b300cfcb450b5ecbde7f8,100000,42,duckdb,Q10_dashboard_kpi,15,4.1438
2026-08-28T08:51:09.985Z,a70ca0a00c8cd169a93b300cfcb450b5ecbde7f8,100000,42,duckdb,Q10_dashboard_kpi,16,4.1535
2026-08-28T08:51:09.985Z,a70ca0a00c8cd169a93b300cfcb450b5ecbde7f8,100000,42,duckdb,Q10_dashboard_kpi,17,4.8490
2026-08-28T08:51:09.985Z,a70ca0a00c8cd169a93b300cfcb450b5ecbde7f8,100000,42,duckdb,Q10_dashboard_kpi,18,4.4615
2026-08-28T08:51:09.985Z,a70ca0a00c8cd169a93b300cfcb450b5ecbde7f8,100000,42,duckdb,Q10_dashboard_kpi,19,5.6643
2026-08-28T08:51:09.985Z,a70ca0a00c8cd169a93b300cfcb450b5ecbde7f8,100000,42,duckdb,Q10_dashboard_kpi,20,4.5983
2026-08-28T08:51:09.985Z,a70ca0a00c8cd169a93b300cfcb450b5ecbde7f8,100000,42,duckdb,Q10_dashboard_kpi,21,5.1171
2026-08-28T08:51:09.985Z,a70ca0a00c8cd169a93b300cfcb450b5ecbde7f8,100000,42,duckdb,Q10_dashboard_kpi,22,4.7568
2026-08-28T08:51:09.985Z,a70ca0a00c8cd169a93b300cfcb450b5ecbde7f8,100000,42,duckdb,Q10_dashboard_kpi,23,4.4893
2026-08-28T08:51:09.985Z,a70ca0a00c8cd169a93b300cfcb450b5ecbde7f8,100000,42,duckdb,Q10_dashboard_kpi,24,5.3607
2026-08-28T08:51:09.985Z,a70ca0a00c8cd169a93b300cfcb450b5ecbde7f8,100000,42,duckdb,Q10_dashboard_kpi,25,5.3215
2026-08-28T08:51:09.985Z,a70ca0a00c8cd169a93b300cfcb450b5ecbde7f8,100000,42,duckdb,Q10_dashboard_kpi,26,3.9095
2026-08-28T08:51:09.985Z,a70ca0a00c8cd169a93b300cfcb450b5ecbde7f8,100000,42,duckdb,Q10_dashboard_kpi,27,5.0488
2026-08-28T08:51:09.985Z,a70ca0a00c8cd169a93b300cfcb450b5ecbde7f8,100000,42,duckdb,Q10_dashboard_kpi,28,4.7202
2026-08-28T08:51:09.985Z,a70ca0a00c8cd169a93b300cfcb450b5ecbde7f8,100000,42,duckdb,Q10_dashboard_kpi,29,3.9790
2026-08-28T08:51:09.985Z,a70ca0a00c8cd169a93b300cfcb450b5ecbde7f8,100000,42,duckdb,Q10_dashboard_kpi,30,4.5087
2026-08-28T08:51:09.985Z,a70ca0a00c8cd169a93b300cfcb450b5ecbde7f8,100000,42,postgres,Q11_utm_campaign_breakdown,1,14.0881
2026-08-28T08:51:09.985Z,a70ca0a00c8cd169a93b300cfcb450b5ecbde7f8,100000,42,postgres,Q11_utm_campaign_breakdown,2,14.1333
2026-08-28T08:51:09.985Z,a70ca0a00c8cd169a93b300cfcb450b5ecbde7f8,100000,42,postgres,Q11_utm_campaign_breakdown,3,13.8054
2026-08-28T08:51:09.985Z,a70ca0a00c8cd169a93b300cfcb450b5ecbde7f8,100000,42,postgres,Q11_utm_campaign_breakdown,4,14.2160
2026-08-28T08:51:09.985Z,a70ca0a00c8cd169a93b300cfcb450b5ecbde7f8,100000,42,postgres,Q11_utm_campaign_breakdown,5,13.9132
2026-08-28T08:51:09.985Z,a70ca0a00c8cd169a93b300cfcb450b5ecbde7f8,100000,42,postgres,Q11_utm_campaign_breakdown,6,13.8274
2026-08-28T08:51:09.985Z,a70ca0a00c8cd169a93b300cfcb450b5ecbde7f8,100000,42,postgres,Q11_utm_campaign_breakdown,7,13.9385
2026-08-28T08:51:09.985Z,a70ca0a00c8cd169a93b300cfcb450b5ecbde7f8,100000,42,postgres,Q11_utm_campaign_breakdown,8,14.1027
2026-08-28T08:51:09.985Z,a70ca0a00c8cd169a93b300cfcb450b5ecbde7f8,100000,42,postgres,Q11_utm_campaign_breakdown,9,13.9777
2026-08-28T08:51:09.985Z,a70ca0a00c8cd169a93b300cfcb450b5ecbde7f8,100000,42,postgres,Q11_utm_campaign_breakdown,10,14.5312
2026-08-28T08:51:09.985Z,a70ca0a00c8cd169a93b300cfcb450b5ecbde7f8,100000,42,postgres,Q11_utm_campaign_breakdown,11,13.8299
2026-08-28T08:51:09.985Z,a70ca0a00c8cd169a93b300cfcb450b5ecbde7f8,100000,42,postgres,Q11_utm_campaign_breakdown,12,14.3367
2026-08-28T08:51:09.985Z,a70ca0a00c8cd169a93b300cfcb450b5ecbde7f8,100000,42,postgres,Q11_utm_campaign_breakdown,13,14.5121
2026-08-28T08:51:09.985Z,a70ca0a00c8cd169a93b300cfcb450b5ecbde7f8,100000,42,postgres,Q11_utm_campaign_breakdown,14,14.3764
2026-08-28T08:51:09.985Z,a70ca0a00c8cd169a93b300cfcb450b5ecbde7f8,100000,42,postgres,Q11_utm_campaign_breakdown,15,13.9392
2026-08-28T08:51:09.985Z,a70ca0a00c8cd169a93b300cfcb450b5ecbde7f8,100000,42,postgres,Q11_utm_campaign_breakdown,16,14.0244
2026-08-28T08:51:09.985Z,a70ca0a00c8cd169a93b300cfcb450b5ecbde7f8,100000,42,postgres,Q11_utm_campaign_breakdown,17,13.8163
2026-08-28T08:51:09.985Z,a70ca0a00c8cd169a93b300cfcb450b5ecbde7f8,100000,42,postgres,Q11_utm_campaign_breakdown,18,14.0568
2026-08-28T08:51:09.985Z,a70ca0a00c8cd169a93b300cfcb450b5ecbde7f8,100000,42,postgres,Q11_utm_campaign_breakdown,19,13.9645
2026-08-28T08:51:09.985Z,a70ca0a00c8cd169a93b300cfcb450b5ecbde7f8,100000,42,postgres,Q11_utm_campaign_breakdown,20,14.4126
2026-08-28T08:51:09.985Z,a70ca0a00c8cd169a93b300cfcb450b5ecbde7f8,100000,42,postgres,Q11_utm_campaign_breakdown,21,14.1035
2026-08-28T08:51:09.985Z,a70ca0a00c8cd169a93b300cfcb450b5ecbde7f8,100000,42,postgres,Q11_utm_campaign_breakdown,22,13.9778
2026-08-28T08:51:09.985Z,a70ca0a00c8cd169a93b300cfcb450b5ecbde7f8,100000,42,postgres,Q11_utm_campaign_breakdown,23,13.8980
2026-08-28T08:51:09.985Z,a70ca0a00c8cd169a93b300cfcb450b5ecbde7f8,100000,42,postgres,Q11_utm_campaign_breakdown,24,14.3211
2026-08-28T08:51:09.985Z,a70ca0a00c8cd169a93b300cfcb450b5ecbde7f8,100000,42,postgres,Q11_utm_campaign_breakdown,25,14.0147
2026-08-28T08:51:09.985Z,a70ca0a00c8cd169a93b300cfcb450b5ecbde7f8,100000,42,postgres,Q11_utm_campaign_breakdown,26,14.0934
2026-08-28T08:51:09.985Z,a70ca0a00c8cd169a93b300cfcb450b5ecbde7f8,100000,42,postgres,Q11_utm_campaign_breakdown,27,13.8202
2026-08-28T08:51:09.985Z,a70ca0a00c8cd169a93b300cfcb450b5ecbde7f8,100000,42,postgres,Q11_utm_campaign_breakdown,28,14.0672
2026-08-28T08:51:09.985Z,a70ca0a00c8cd169a93b300cfcb450b5ecbde7f8,100000,42,postgres,Q11_utm_campaign_breakdown,29,14.0295
2026-08-28T08:51:09.985Z,a70ca0a00c8cd169a93b300cfcb450b5ecbde7f8,100000,42,postgres,Q11_utm_campaign_breakdown,30,14.7683
2026-08-28T08:51:09.985Z,a70ca0a00c8cd169a93b300cfcb450b5ecbde7f8,100000,42,duckdb,Q11_utm_campaign_breakdown,1,5.8780
2026-08-28T08:51:09.985Z,a70ca0a00c8cd169a93b300cfcb450b5ecbde7f8,100000,42,duckdb,Q11_utm_campaign_breakdown,2,3.7981
2026-08-28T08:51:09.985Z,a70ca0a00c8cd169a93b300cfcb450b5ecbde7f8,100000,42,duckdb,Q11_utm_campaign_breakdown,3,5.8960
2026-08-28T08:51:09.985Z,a70ca0a00c8cd169a93b300cfcb450b5ecbde7f8,100000,42,duckdb,Q11_utm_campaign_breakdown,4,4.4234
2026-08-28T08:51:09.985Z,a70ca0a00c8cd169a93b300cfcb450b5ecbde7f8,100000,42,duckdb,Q11_utm_campaign_breakdown,5,6.0005
2026-08-28T08:51:09.985Z,a70ca0a00c8cd169a93b300cfcb450b5ecbde7f8,100000,42,duckdb,Q11_utm_campaign_breakdown,6,4.1715
2026-08-28T08:51:09.985Z,a70ca0a00c8cd169a93b300cfcb450b5ecbde7f8,100000,42,duckdb,Q11_utm_campaign_breakdown,7,4.1503
2026-08-28T08:51:09.985Z,a70ca0a00c8cd169a93b300cfcb450b5ecbde7f8,100000,42,duckdb,Q11_utm_campaign_breakdown,8,3.9670
2026-08-28T08:51:09.985Z,a70ca0a00c8cd169a93b300cfcb450b5ecbde7f8,100000,42,duckdb,Q11_utm_campaign_breakdown,9,6.1750
2026-08-28T08:51:09.985Z,a70ca0a00c8cd169a93b300cfcb450b5ecbde7f8,100000,42,duckdb,Q11_utm_campaign_breakdown,10,4.3689
2026-08-28T08:51:09.985Z,a70ca0a00c8cd169a93b300cfcb450b5ecbde7f8,100000,42,duckdb,Q11_utm_campaign_breakdown,11,4.3155
2026-08-28T08:51:09.985Z,a70ca0a00c8cd169a93b300cfcb450b5ecbde7f8,100000,42,duckdb,Q11_utm_campaign_breakdown,12,4.0117
2026-08-28T08:51:09.985Z,a70ca0a00c8cd169a93b300cfcb450b5ecbde7f8,100000,42,duckdb,Q11_utm_campaign_breakdown,13,5.3981
2026-08-28T08:51:09.985Z,a70ca0a00c8cd169a93b300cfcb450b5ecbde7f8,100000,42,duckdb,Q11_utm_campaign_breakdown,14,4.3133
2026-08-28T08:51:09.985Z,a70ca0a00c8cd169a93b300cfcb450b5ecbde7f8,100000,42,duckdb,Q11_utm_campaign_breakdown,15,6.7893
2026-08-28T08:51:09.985Z,a70ca0a00c8cd169a93b300cfcb450b5ecbde7f8,100000,42,duckdb,Q11_utm_campaign_breakdown,16,4.3517
2026-08-28T08:51:09.985Z,a70ca0a00c8cd169a93b300cfcb450b5ecbde7f8,100000,42,duckdb,Q11_utm_campaign_breakdown,17,3.7523
2026-08-28T08:51:09.985Z,a70ca0a00c8cd169a93b300cfcb450b5ecbde7f8,100000,42,duckdb,Q11_utm_campaign_breakdown,18,4.2245
2026-08-28T08:51:09.985Z,a70ca0a00c8cd169a93b300cfcb450b5ecbde7f8,100000,42,duckdb,Q11_utm_campaign_breakdown,19,3.4456
2026-08-28T08:51:09.985Z,a70ca0a00c8cd169a93b300cfcb450b5ecbde7f8,100000,42,duckdb,Q11_utm_campaign_breakdown,20,4.3499
2026-08-28T08:51:09.985Z,a70ca0a00c8cd169a93b300cfcb450b5ecbde7f8,100000,42,duckdb,Q11_utm_campaign_breakdown,21,5.5312
2026-08-28T08:51:09.985Z,a70ca0a00c8cd169a93b300cfcb450b5ecbde7f8,100000,42,duckdb,Q11_utm_campaign_breakdown,22,3.7459
2026-08-28T08:51:09.985Z,a70ca0a00c8cd169a93b300cfcb450b5ecbde7f8,100000,42,duckdb,Q11_utm_campaign_breakdown,23,5.8442
2026-08-28T08:51:09.985Z,a70ca0a00c8cd169a93b300cfcb450b5ecbde7f8,100000,42,duckdb,Q11_utm_campaign_breakdown,24,3.7744
2026-08-28T08:51:09.985Z,a70ca0a00c8cd169a93b300cfcb450b5ecbde7f8,100000,42,duckdb,Q11_utm_campaign_breakdown,25,5.1067
2026-08-28T08:51:09.985Z,a70ca0a00c8cd169a93b300cfcb450b5ecbde7f8,100000,42,duckdb,Q11_utm_campaign_breakdown,26,3.4442
2026-08-28T08:51:09.985Z,a70ca0a00c8cd169a93b300cfcb450b5ecbde7f8,100000,42,duckdb,Q11_utm_campaign_breakdown,27,7.0999
2026-08-28T08:51:09.985Z,a70ca0a00c8cd169a93b300cfcb450b5ecbde7f8,100000,42,duckdb,Q11_utm_campaign_breakdown,28,4.6604
2026-08-28T08:51:09.985Z,a70ca0a00c8cd169a93b300cfcb450b5ecbde7f8,100000,42,duckdb,Q11_utm_campaign_breakdown,29,5.9660
2026-08-28T08:51:09.985Z,a70ca0a00c8cd169a93b300cfcb450b5ecbde7f8,100000,42,duckdb,Q11_utm_campaign_breakdown,30,4.0383
2026-08-28T08:51:09.985Z,a70ca0a00c8cd169a93b300cfcb450b5ecbde7f8,100000,42,postgres,Q12_hourly_pattern,1,12.4125
2026-08-28T08:51:09.985Z,a70ca0a00c8cd169a93b300cfcb450b5ecbde7f8,100000,42,postgres,Q12_hourly_pattern,2,12.3988
2026-08-28T08:51:09.985Z,a70ca0a00c8cd169a93b300cfcb450b5ecbde7f8,100000,42,postgres,Q12_hourly_pattern,3,12.2605
2026-08-28T08:51:09.985Z,a70ca0a00c8cd169a93b300cfcb450b5ecbde7f8,100000,42,postgres,Q12_hourly_pattern,4,12.0863
2026-08-28T08:51:09.985Z,a70ca0a00c8cd169a93b300cfcb450b5ecbde7f8,100000,42,postgres,Q12_hourly_pattern,5,11.7862
2026-08-28T08:51:09.985Z,a70ca0a00c8cd169a93b300cfcb450b5ecbde7f8,100000,42,postgres,Q12_hourly_pattern,6,12.6210
2026-08-28T08:51:09.985Z,a70ca0a00c8cd169a93b300cfcb450b5ecbde7f8,100000,42,postgres,Q12_hourly_pattern,7,11.8715
2026-08-28T08:51:09.985Z,a70ca0a00c8cd169a93b300cfcb450b5ecbde7f8,100000,42,postgres,Q12_hourly_pattern,8,12.5664
2026-08-28T08:51:09.985Z,a70ca0a00c8cd169a93b300cfcb450b5ecbde7f8,100000,42,postgres,Q12_hourly_pattern,9,12.2752
2026-08-28T08:51:09.985Z,a70ca0a00c8cd169a93b300cfcb450b5ecbde7f8,100000,42,postgres,Q12_hourly_pattern,10,12.1941
2026-08-28T08:51:09.985Z,a70ca0a00c8cd169a93b300cfcb450b5ecbde7f8,100000,42,postgres,Q12_hourly_pattern,11,12.3027
2026-08-28T08:51:09.985Z,a70ca0a00c8cd169a93b300cfcb450b5ecbde7f8,100000,42,postgres,Q12_hourly_pattern,12,12.5251
2026-08-28T08:51:09.985Z,a70ca0a00c8cd169a93b300cfcb450b5ecbde7f8,100000,42,postgres,Q12_hourly_pattern,13,11.9593
2026-08-28T08:51:09.985Z,a70ca0a00c8cd169a93b300cfcb450b5ecbde7f8,100000,42,postgres,Q12_hourly_pattern,14,12.8854
2026-08-28T08:51:09.985Z,a70ca0a00c8cd169a93b300cfcb450b5ecbde7f8,100000,42,postgres,Q12_hourly_pattern,15,12.3810
2026-08-28T08:51:09.985Z,a70ca0a00c8cd169a93b300cfcb450b5ecbde7f8,100000,42,postgres,Q12_hourly_pattern,16,12.6960
2026-08-28T08:51:09.985Z,a70ca0a00c8cd169a93b300cfcb450b5ecbde7f8,100000,42,postgres,Q12_hourly_pattern,17,12.2804
2026-08-28T08:51:09.985Z,a70ca0a00c8cd169a93b300cfcb450b5ecbde7f8,100000,42,postgres,Q12_hourly_pattern,18,12.3750
2026-08-28T08:51:09.985Z,a70ca0a00c8cd169a93b300cfcb450b5ecbde7f8,100000,42,postgres,Q12_hourly_pattern,19,12.2891
2026-08-28T08:51:09.985Z,a70ca0a00c8cd169a93b300cfcb450b5ecbde7f8,100000,42,postgres,Q12_hourly_pattern,20,12.6802
2026-08-28T08:51:09.985Z,a70ca0a00c8cd169a93b300cfcb450b5ecbde7f8,100000,42,postgres,Q12_hourly_pattern,21,12.1531
2026-08-28T08:51:09.985Z,a70ca0a00c8cd169a93b300cfcb450b5ecbde7f8,100000,42,postgres,Q12_hourly_pattern,22,12.4458
2026-08-28T08:51:09.985Z,a70ca0a00c8cd169a93b300cfcb450b5ecbde7f8,100000,42,postgres,Q12_hourly_pattern,23,12.5222
2026-08-28T08:51:09.985Z,a70ca0a00c8cd169a93b300cfcb450b5ecbde7f8,100000,42,postgres,Q12_hourly_pattern,24,12.6794
2026-08-28T08:51:09.985Z,a70ca0a00c8cd169a93b300cfcb450b5ecbde7f8,100000,42,postgres,Q12_hourly_pattern,25,12.3536
2026-08-28T08:51:09.985Z,a70ca0a00c8cd169a93b300cfcb450b5ecbde7f8,100000,42,postgres,Q12_hourly_pattern,26,12.5736
2026-08-28T08:51:09.985Z,a70ca0a00c8cd169a93b300cfcb450b5ecbde7f8,100000,42,postgres,Q12_hourly_pattern,27,12.0870
2026-08-28T08:51:09.985Z,a70ca0a00c8cd169a93b300cfcb450b5ecbde7f8,100000,42,postgres,Q12_hourly_pattern,28,12.4959
2026-08-28T08:51:09.985Z,a70ca0a00c8cd169a93b300cfcb450b5ecbde7f8,100000,42,postgres,Q12_hourly_pattern,29,11.9452
2026-08-28T08:51:09.985Z,a70ca0a00c8cd169a93b300cfcb450b5ecbde7f8,100000,42,postgres,Q12_hourly_pattern,30,12.7064
2026-08-28T08:51:09.985Z,a70ca0a00c8cd169a93b300cfcb450b5ecbde7f8,100000,42,duckdb,Q12_hourly_pattern,1,3.2707
2026-08-28T08:51:09.985Z,a70ca0a00c8cd169a93b300cfcb450b5ecbde7f8,100000,42,duckdb,Q12_hourly_pattern,2,2.8637
2026-08-28T08:51:09.985Z,a70ca0a00c8cd169a93b300cfcb450b5ecbde7f8,100000,42,duckdb,Q12_hourly_pattern,3,3.2047
2026-08-28T08:51:09.985Z,a70ca0a00c8cd169a93b300cfcb450b5ecbde7f8,100000,42,duckdb,Q12_hourly_pattern,4,3.0823
2026-08-28T08:51:09.985Z,a70ca0a00c8cd169a93b300cfcb450b5ecbde7f8,100000,42,duckdb,Q12_hourly_pattern,5,3.7948
2026-08-28T08:51:09.985Z,a70ca0a00c8cd169a93b300cfcb450b5ecbde7f8,100000,42,duckdb,Q12_hourly_pattern,6,2.4910
2026-08-28T08:51:09.985Z,a70ca0a00c8cd169a93b300cfcb450b5ecbde7f8,100000,42,duckdb,Q12_hourly_pattern,7,4.8505
2026-08-28T08:51:09.985Z,a70ca0a00c8cd169a93b300cfcb450b5ecbde7f8,100000,42,duckdb,Q12_hourly_pattern,8,2.8295
2026-08-28T08:51:09.985Z,a70ca0a00c8cd169a93b300cfcb450b5ecbde7f8,100000,42,duckdb,Q12_hourly_pattern,9,3.1585
2026-08-28T08:51:09.985Z,a70ca0a00c8cd169a93b300cfcb450b5ecbde7f8,100000,42,duckdb,Q12_hourly_pattern,10,3.3765
2026-08-28T08:51:09.985Z,a70ca0a00c8cd169a93b300cfcb450b5ecbde7f8,100000,42,duckdb,Q12_hourly_pattern,11,3.7900
2026-08-28T08:51:09.985Z,a70ca0a00c8cd169a93b300cfcb450b5ecbde7f8,100000,42,duckdb,Q12_hourly_pattern,12,3.3371
2026-08-28T08:51:09.985Z,a70ca0a00c8cd169a93b300cfcb450b5ecbde7f8,100000,42,duckdb,Q12_hourly_pattern,13,4.3070
2026-08-28T08:51:09.985Z,a70ca0a00c8cd169a93b300cfcb450b5ecbde7f8,100000,42,duckdb,Q12_hourly_pattern,14,3.3833
2026-08-28T08:51:09.985Z,a70ca0a00c8cd169a93b300cfcb450b5ecbde7f8,100000,42,duckdb,Q12_hourly_pattern,15,4.6335
2026-08-28T08:51:09.985Z,a70ca0a00c8cd169a93b300cfcb450b5ecbde7f8,100000,42,duckdb,Q12_hourly_pattern,16,3.2095
2026-08-28T08:51:09.985Z,a70ca0a00c8cd169a93b300cfcb450b5ecbde7f8,100000,42,duckdb,Q12_hourly_pattern,17,4.3869
2026-08-28T08:51:09.985Z,a70ca0a00c8cd169a93b300cfcb450b5ecbde7f8,100000,42,duckdb,Q12_hourly_pattern,18,3.3631
2026-08-28T08:51:09.985Z,a70ca0a00c8cd169a93b300cfcb450b5ecbde7f8,100000,42,duckdb,Q12_hourly_pattern,19,3.4242
2026-08-28T08:51:09.985Z,a70ca0a00c8cd169a93b300cfcb450b5ecbde7f8,100000,42,duckdb,Q12_hourly_pattern,20,3.4960
2026-08-28T08:51:09.985Z,a70ca0a00c8cd169a93b300cfcb450b5ecbde7f8,100000,42,duckdb,Q12_hourly_pattern,21,3.7517
2026-08-28T08:51:09.985Z,a70ca0a00c8cd169a93b300cfcb450b5ecbde7f8,100000,42,duckdb,Q12_hourly_pattern,22,2.9890
2026-08-28T08:51:09.985Z,a70ca0a00c8cd169a93b300cfcb450b5ecbde7f8,100000,42,duckdb,Q12_hourly_pattern,23,4.4900
2026-08-28T08:51:09.985Z,a70ca0a00c8cd169a93b300cfcb450b5ecbde7f8,100000,42,duckdb,Q12_hourly_pattern,24,3.1108
2026-08-28T08:51:09.985Z,a70ca0a00c8cd169a93b300cfcb450b5ecbde7f8,100000,42,duckdb,Q12_hourly_pattern,25,3.3581
2026-08-28T08:51:09.985Z,a70ca0a00c8cd169a93b300cfcb450b5ecbde7f8,100000,42,duckdb,Q12_hourly_pattern,26,3.1696
2026-08-28T08:51:09.985Z,a70ca0a00c8cd169a93b300cfcb450b5ecbde7f8,100000,42,duckdb,Q12_hourly_pattern,27,4.1226
2026-08-28T08:51:09.985Z,a70ca0a00c8cd169a93b300cfcb450b5ecbde7f8,100000,42,duckdb,Q12_hourly_pattern,28,2.8087
2026-08-28T08:51:09.985Z,a70ca0a00c8cd169a93b300cfcb450b5ecbde7f8,100000,42,duckdb,Q12_hourly_pattern,29,3.9061
2026-08-28T08:51:09.985Z,a70ca0a00c8cd169a93b300cfcb450b5ecbde7f8,100000,42,duckdb,Q12_hourly_pattern,30,2.8872
